{"v":"5.9.4","fr":30,"ip":0,"op":300,"w":1080,"h":1080,"nm":"Main","ddd":0,"assets":[{"id":"comp_0","nm":"Electron","fr":30,"layers":[{"ddd":0,"ind":1,"ty":4,"nm":"Layer 8","sr":1,"ks":{"o":{"a":0,"k":100,"ix":11},"r":{"a":0,"k":0,"ix":10},"p":{"a":0,"k":[50,50,0],"ix":2,"l":2},"a":{"a":0,"k":[0,0,0],"ix":1,"l":2},"s":{"a":0,"k":[139.583,139.583,100],"ix":6,"l":2}},"ao":0,"shapes":[{"ty":"gr","it":[{"ty":"rc","d":1,"s":{"a":0,"k":[15.786,5.095],"ix":2},"p":{"a":0,"k":[0,0],"ix":3},"r":{"a":0,"k":0,"ix":4},"nm":"Rectangle Path 1","mn":"ADBE Vector Shape - Rect","hd":false},{"ty":"gf","o":{"a":0,"k":100,"ix":10},"r":1,"bm":0,"g":{"p":3,"k":{"a":0,"k":[0,0.471,0.741,0.769,0.5,0.559,0.796,0.802,1,0.647,0.851,0.835],"ix":9}},"s":{"a":0,"k":[-0.571,1.713],"ix":5},"e":{"a":0,"k":[-0.571,-3.382],"ix":6},"t":1,"nm":"Gradient Fill 1","mn":"ADBE Vector Graphic - G-Fill","hd":false},{"ty":"tr","p":{"a":0,"k":[0,0],"ix":2},"a":{"a":0,"k":[0,0],"ix":1},"s":{"a":0,"k":[100,100],"ix":3},"r":{"a":0,"k":0,"ix":6},"o":{"a":0,"k":100,"ix":7},"sk":{"a":0,"k":0,"ix":4},"sa":{"a":0,"k":0,"ix":5},"nm":"Transform"}],"nm":"Group 1","np":2,"cix":2,"bm":0,"ix":1,"mn":"ADBE Vector Group","hd":false}],"ip":0,"op":300,"st":0,"ct":1,"bm":0},{"ddd":0,"ind":2,"ty":4,"nm":"Layer 7","sr":1,"ks":{"o":{"a":0,"k":100,"ix":11},"r":{"a":0,"k":0,"ix":10},"p":{"a":0,"k":[50,50,0],"ix":2,"l":2},"a":{"a":0,"k":[0,0,0],"ix":1,"l":2},"s":{"a":0,"k":[139.583,139.583,100],"ix":6,"l":2}},"ao":0,"shapes":[{"ty":"gr","it":[{"d":1,"ty":"el","s":{"a":0,"k":[48,48],"ix":2},"p":{"a":0,"k":[0,0],"ix":3},"nm":"Ellipse Path 1","mn":"ADBE Vector Shape - Ellipse","hd":false},{"ty":"gf","o":{"a":0,"k":100,"ix":10},"r":1,"bm":0,"g":{"p":3,"k":{"a":0,"k":[0,0.471,0.741,0.769,0.5,0.29,0.602,0.667,1,0.11,0.463,0.565],"ix":9}},"s":{"a":0,"k":[-0.571,-0.287],"ix":5},"e":{"a":0,"k":[24,-0.287],"ix":6},"t":2,"h":{"a":0,"k":0,"ix":7},"a":{"a":0,"k":0,"ix":8},"nm":"Gradient Fill 1","mn":"ADBE Vector Graphic - G-Fill","hd":false},{"ty":"tr","p":{"a":0,"k":[0,0],"ix":2},"a":{"a":0,"k":[0,0],"ix":1},"s":{"a":0,"k":[100,100],"ix":3},"r":{"a":0,"k":0,"ix":6},"o":{"a":0,"k":100,"ix":7},"sk":{"a":0,"k":0,"ix":4},"sa":{"a":0,"k":0,"ix":5},"nm":"Transform"}],"nm":"Group 1","np":2,"cix":2,"bm":0,"ix":1,"mn":"ADBE Vector Group","hd":false}],"ip":0,"op":300,"st":0,"ct":1,"bm":0}]},{"id":"comp_1","nm":"Coin","fr":30,"layers":[{"ddd":0,"ind":1,"ty":4,"nm":"Layer 9","sr":1,"ks":{"o":{"a":0,"k":100,"ix":11},"r":{"a":0,"k":0,"ix":10},"p":{"a":0,"k":[50,50,0],"ix":2,"l":2},"a":{"a":0,"k":[0,0,0],"ix":1,"l":2},"s":{"a":0,"k":[150.498,150.498,100],"ix":6,"l":2}},"ao":0,"shapes":[{"ty":"gr","it":[{"ind":0,"ty":"sh","ix":1,"ks":{"a":0,"k":{"i":[[0,0],[0,0],[0,0],[0,0],[0,0],[1.779,-1.224],[3.588,0],[0,0],[-0.555,-0.769],[-1.339,0],[-0.57,0.726],[0,1.396],[0,0],[1.566,-1.523],[2.905,0],[1.595,1.623],[0,3.104],[0,0],[-1.452,0.157],[-0.712,0.512],[-0.228,1.139],[0,0],[0,0],[0,0],[0,0],[0,0],[0,0],[0,0],[0,0]],"o":[[0,0],[0,0],[0,0],[0,0],[-0.456,2.706],[-1.78,1.225],[0,0],[0,1.339],[0.555,0.769],[1.281,0],[0.569,-0.726],[0,0],[-0.057,2.876],[-1.566,1.524],[-3.019,0],[-1.595,-1.623],[0,0],[3.047,0],[1.452,-0.156],[0.711,-0.513],[0,0],[0,0],[0,0],[0,0],[0,0],[0,0],[0,0],[0,0],[0,0]],"v":[[7.155,-10.956],[7.155,-7.71],[11.469,-7.71],[11.469,-3.78],[6.898,-3.78],[3.545,2.114],[-4.506,3.951],[-4.506,6.215],[-3.673,9.376],[-0.833,10.529],[1.944,9.44],[2.798,6.258],[8.351,6.258],[5.916,12.857],[-0.79,15.142],[-7.71,12.708],[-10.102,5.617],[-10.102,-0.064],[-3.353,-0.299],[-0.107,-1.303],[1.303,-3.78],[-11.469,-3.78],[-11.469,-7.71],[1.516,-7.71],[1.516,-10.956],[-11.469,-10.956],[-11.469,-15.142],[11.469,-15.142],[11.469,-10.956]],"c":true},"ix":2},"nm":"Path 1","mn":"ADBE Vector Shape - Group","hd":false},{"ty":"gf","o":{"a":0,"k":100,"ix":10},"r":1,"bm":0,"g":{"p":3,"k":{"a":0,"k":[0,0.471,0.741,0.769,0.5,0.559,0.796,0.802,1,0.647,0.851,0.835],"ix":9}},"s":{"a":0,"k":[-0.143,15.096],"ix":5},"e":{"a":0,"k":[-0.143,-15.188],"ix":6},"t":1,"nm":"Gradient Fill 1","mn":"ADBE Vector Graphic - G-Fill","hd":false},{"ty":"tr","p":{"a":0,"k":[0,0],"ix":2},"a":{"a":0,"k":[0,0],"ix":1},"s":{"a":0,"k":[100,100],"ix":3},"r":{"a":0,"k":0,"ix":6},"o":{"a":0,"k":100,"ix":7},"sk":{"a":0,"k":0,"ix":4},"sa":{"a":0,"k":0,"ix":5},"nm":"Transform"}],"nm":"Group 1","np":2,"cix":2,"bm":0,"ix":1,"mn":"ADBE Vector Group","hd":false}],"ip":0,"op":300,"st":0,"ct":1,"bm":0},{"ddd":0,"ind":2,"ty":4,"nm":"Layer 8","sr":1,"ks":{"o":{"a":0,"k":100,"ix":11},"r":{"a":0,"k":0,"ix":10},"p":{"a":0,"k":[50,50,0],"ix":2,"l":2},"a":{"a":0,"k":[0,0,0],"ix":1,"l":2},"s":{"a":0,"k":[150.498,150.498,100],"ix":6,"l":2}},"ao":0,"shapes":[{"ty":"gr","it":[{"d":1,"ty":"el","s":{"a":0,"k":[47.857,47.857],"ix":2},"p":{"a":0,"k":[0,0],"ix":3},"nm":"Ellipse Path 1","mn":"ADBE Vector Shape - Ellipse","hd":false},{"ty":"gf","o":{"a":0,"k":100,"ix":10},"r":1,"bm":0,"g":{"p":3,"k":{"a":0,"k":[0,0.471,0.741,0.769,0.5,0.29,0.602,0.667,1,0.11,0.463,0.565],"ix":9}},"s":{"a":0,"k":[-0.143,-24.215],"ix":5},"e":{"a":0,"k":[-0.143,23.642],"ix":6},"t":1,"nm":"Gradient Fill 1","mn":"ADBE Vector Graphic - G-Fill","hd":false},{"ty":"tr","p":{"a":0,"k":[0,0],"ix":2},"a":{"a":0,"k":[0,0],"ix":1},"s":{"a":0,"k":[100,100],"ix":3},"r":{"a":0,"k":0,"ix":6},"o":{"a":0,"k":100,"ix":7},"sk":{"a":0,"k":0,"ix":4},"sa":{"a":0,"k":0,"ix":5},"nm":"Transform"}],"nm":"Group 1","np":2,"cix":2,"bm":0,"ix":1,"mn":"ADBE Vector Group","hd":false}],"ip":0,"op":300,"st":0,"ct":1,"bm":0},{"ddd":0,"ind":3,"ty":4,"nm":"Layer 7","sr":1,"ks":{"o":{"a":0,"k":100,"ix":11},"r":{"a":0,"k":0,"ix":10},"p":{"a":0,"k":[50,50,0],"ix":2,"l":2},"a":{"a":0,"k":[0,0,0],"ix":1,"l":2},"s":{"a":0,"k":[150.498,150.498,100],"ix":6,"l":2}},"ao":0,"shapes":[{"ty":"gr","it":[{"d":1,"ty":"el","s":{"a":0,"k":[57.429,57.429],"ix":2},"p":{"a":0,"k":[0,0],"ix":3},"nm":"Ellipse Path 1","mn":"ADBE Vector Shape - Ellipse","hd":false},{"ty":"gf","o":{"a":0,"k":100,"ix":10},"r":1,"bm":0,"g":{"p":3,"k":{"a":0,"k":[0,0.004,0.173,0.239,0.5,0.057,0.318,0.402,1,0.11,0.463,0.565],"ix":9}},"s":{"a":0,"k":[-0.143,-29.215],"ix":5},"e":{"a":0,"k":[-0.143,28.213],"ix":6},"t":1,"nm":"Gradient Fill 1","mn":"ADBE Vector Graphic - G-Fill","hd":false},{"ty":"tr","p":{"a":0,"k":[0,0],"ix":2},"a":{"a":0,"k":[0,0],"ix":1},"s":{"a":0,"k":[100,100],"ix":3},"r":{"a":0,"k":0,"ix":6},"o":{"a":0,"k":100,"ix":7},"sk":{"a":0,"k":0,"ix":4},"sa":{"a":0,"k":0,"ix":5},"nm":"Transform"}],"nm":"Group 1","np":2,"cix":2,"bm":0,"ix":1,"mn":"ADBE Vector Group","hd":false}],"ip":0,"op":300,"st":0,"ct":1,"bm":0}]},{"id":"comp_2","nm":"Rocket","fr":30,"layers":[{"ddd":0,"ind":1,"ty":4,"nm":"Layer 14","sr":1,"ks":{"o":{"a":0,"k":100,"ix":11},"r":{"a":0,"k":0,"ix":10},"p":{"a":0,"k":[515,502,0],"ix":2,"l":2},"a":{"a":0,"k":[0,0,0],"ix":1,"l":2},"s":{"a":0,"k":[100,100,100],"ix":6,"l":2}},"ao":0,"shapes":[{"ty":"gr","it":[{"ind":0,"ty":"sh","ix":1,"ks":{"a":0,"k":{"i":[[4.262,0],[0,4.262],[-4.262,0],[0,-4.262]],"o":[[-4.262,0],[0,-4.262],[4.262,0],[0,4.262]],"v":[[-474.994,-449.785],[-482.711,-457.502],[-474.994,-465.218],[-467.277,-457.502]],"c":true},"ix":2},"nm":"Path 1","mn":"ADBE Vector Shape - Group","hd":false},{"ind":1,"ty":"sh","ix":2,"ks":{"a":0,"k":{"i":[[6.244,0],[0,-6.244],[-6.244,0],[0,6.244]],"o":[[-6.244,0],[0,6.244],[6.244,0],[0,-6.244]],"v":[[-474.994,-468.807],[-486.3,-457.502],[-474.994,-446.203],[-463.688,-457.502]],"c":true},"ix":2},"nm":"Path 2","mn":"ADBE Vector Shape - Group","hd":false},{"ty":"gf","o":{"a":0,"k":100,"ix":10},"r":1,"bm":0,"g":{"p":3,"k":{"a":0,"k":[0,0.471,0.741,0.769,0.5,0.559,0.796,0.802,1,0.647,0.851,0.835],"ix":9}},"s":{"a":0,"k":[-475,-447],"ix":5},"e":{"a":0,"k":[-475,-469.604],"ix":6},"t":1,"nm":"Gradient Fill 1","mn":"ADBE Vector Graphic - G-Fill","hd":false},{"ty":"tr","p":{"a":0,"k":[0,0],"ix":2},"a":{"a":0,"k":[0,0],"ix":1},"s":{"a":0,"k":[100,100],"ix":3},"r":{"a":0,"k":0,"ix":6},"o":{"a":0,"k":100,"ix":7},"sk":{"a":0,"k":0,"ix":4},"sa":{"a":0,"k":0,"ix":5},"nm":"Transform"}],"nm":"Group 1","np":3,"cix":2,"bm":0,"ix":1,"mn":"ADBE Vector Group","hd":false}],"ip":0,"op":300,"st":0,"ct":1,"bm":0},{"ddd":0,"ind":2,"ty":4,"nm":"Layer 13","sr":1,"ks":{"o":{"a":0,"k":100,"ix":11},"r":{"a":0,"k":0,"ix":10},"p":{"a":0,"k":[39.962,64.85,0],"ix":2,"l":2},"a":{"a":0,"k":[0,0,0],"ix":1,"l":2},"s":{"a":0,"k":[100,100,100],"ix":6,"l":2}},"ao":0,"shapes":[{"ty":"gr","it":[{"ind":0,"ty":"sh","ix":1,"ks":{"a":0,"k":{"i":[[0,-15.393],[0.057,-1.386],[3.228,-8.786],[0,0],[0,0],[1.523,4.14],[0.726,17.868],[0,1.401],[-4.637,8.625],[-4.138,0],[-3.928,-0.499]],"o":[[0,1.401],[-0.726,17.868],[-1.523,4.14],[0,0],[0,0],[-3.228,-8.786],[-0.057,-1.386],[0,-15.393],[3.928,-0.499],[4.138,0],[4.637,8.625]],"v":[[20.951,-8.565],[20.865,-4.383],[11.754,38.847],[9.138,45.4],[-9.138,45.4],[-11.754,38.847],[-20.865,-4.383],[-20.951,-8.565],[-12.119,-44.641],[0,-45.4],[12.119,-44.641]],"c":true},"ix":2},"nm":"Path 1","mn":"ADBE Vector Shape - Group","hd":false},{"ty":"gf","o":{"a":0,"k":100,"ix":10},"r":1,"bm":0,"g":{"p":3,"k":{"a":0,"k":[0,0.471,0.741,0.769,0.5,0.29,0.602,0.667,1,0.11,0.463,0.565],"ix":9}},"s":{"a":0,"k":[-0.962,-45.85],"ix":5},"e":{"a":0,"k":[-0.962,44.95],"ix":6},"t":1,"nm":"Gradient Fill 1","mn":"ADBE Vector Graphic - G-Fill","hd":false},{"ty":"tr","p":{"a":0,"k":[0,0],"ix":2},"a":{"a":0,"k":[0,0],"ix":1},"s":{"a":0,"k":[100,100],"ix":3},"r":{"a":0,"k":0,"ix":6},"o":{"a":0,"k":100,"ix":7},"sk":{"a":0,"k":0,"ix":4},"sa":{"a":0,"k":0,"ix":5},"nm":"Transform"}],"nm":"Group 1","np":2,"cix":2,"bm":0,"ix":1,"mn":"ADBE Vector Group","hd":false}],"ip":0,"op":300,"st":0,"ct":1,"bm":0},{"ddd":0,"ind":3,"ty":4,"nm":"Layer 12","sr":1,"ks":{"o":{"a":0,"k":100,"ix":11},"r":{"a":0,"k":0,"ix":10},"p":{"a":0,"k":[62.975,91.14,0],"ix":2,"l":2},"a":{"a":0,"k":[0,0,0],"ix":1,"l":2},"s":{"a":0,"k":[100,100,100],"ix":6,"l":2}},"ao":0,"shapes":[{"ty":"gr","it":[{"ind":0,"ty":"sh","ix":1,"ks":{"a":0,"k":{"i":[[3.228,-8.786],[0,0],[3.05,16.232],[2.649,2.89]],"o":[[10.986,2.712],[4.119,-7.463],[-2.494,-13.277],[-0.726,17.868]],"v":[[-11.259,12.557],[2.647,30.673],[10.494,-5.363],[-2.148,-30.673]],"c":true},"ix":2},"nm":"Path 1","mn":"ADBE Vector Shape - Group","hd":false},{"ty":"gf","o":{"a":0,"k":100,"ix":10},"r":1,"bm":0,"g":{"p":3,"k":{"a":0,"k":[0,0.004,0.173,0.239,0.5,0.057,0.318,0.402,1,0.11,0.463,0.565],"ix":9}},"s":{"a":0,"k":[-11.975,-0.14],"ix":5},"e":{"a":0,"k":[10.543,-0.14],"ix":6},"t":1,"nm":"Gradient Fill 1","mn":"ADBE Vector Graphic - G-Fill","hd":false},{"ty":"tr","p":{"a":0,"k":[0,0],"ix":2},"a":{"a":0,"k":[0,0],"ix":1},"s":{"a":0,"k":[100,100],"ix":3},"r":{"a":0,"k":0,"ix":6},"o":{"a":0,"k":100,"ix":7},"sk":{"a":0,"k":0,"ix":4},"sa":{"a":0,"k":0,"ix":5},"nm":"Transform"}],"nm":"Group 1","np":2,"cix":2,"bm":0,"ix":1,"mn":"ADBE Vector Group","hd":false}],"ip":0,"op":300,"st":0,"ct":1,"bm":0},{"ddd":0,"ind":4,"ty":4,"nm":"Layer 11","sr":1,"ks":{"o":{"a":0,"k":100,"ix":11},"r":{"a":0,"k":0,"ix":10},"p":{"a":0,"k":[39.962,114.532,0],"ix":2,"l":2},"a":{"a":0,"k":[0,0,0],"ix":1,"l":2},"s":{"a":0,"k":[100,100,100],"ix":6,"l":2}},"ao":0,"shapes":[{"ty":"gr","it":[{"ind":0,"ty":"sh","ix":1,"ks":{"a":0,"k":{"i":[[0.277,-1.879],[0,0],[0.365,2.477],[-0.3,0.539],[0,0]],"o":[[-0.365,2.477],[0,0],[-0.277,-1.879],[0,0],[0.3,0.539]],"v":[[2.498,-0.523],[0,4.283],[-2.498,-0.523],[-1.887,-4.283],[1.887,-4.283]],"c":true},"ix":2},"nm":"Path 1","mn":"ADBE Vector Shape - Group","hd":false},{"ty":"gf","o":{"a":0,"k":100,"ix":10},"r":1,"bm":0,"g":{"p":3,"k":{"a":0,"k":[0,0.004,0.173,0.239,0.5,0.057,0.318,0.402,1,0.11,0.463,0.565],"ix":9}},"s":{"a":0,"k":[-0.962,-4.532],"ix":5},"e":{"a":0,"k":[-0.962,4.033],"ix":6},"t":1,"nm":"Gradient Fill 1","mn":"ADBE Vector Graphic - G-Fill","hd":false},{"ty":"tr","p":{"a":0,"k":[0,0],"ix":2},"a":{"a":0,"k":[0,0],"ix":1},"s":{"a":0,"k":[100,100],"ix":3},"r":{"a":0,"k":0,"ix":6},"o":{"a":0,"k":100,"ix":7},"sk":{"a":0,"k":0,"ix":4},"sa":{"a":0,"k":0,"ix":5},"nm":"Transform"}],"nm":"Group 1","np":2,"cix":2,"bm":0,"ix":1,"mn":"ADBE Vector Group","hd":false}],"ip":0,"op":300,"st":0,"ct":1,"bm":0},{"ddd":0,"ind":5,"ty":4,"nm":"Layer 10","sr":1,"ks":{"o":{"a":0,"k":100,"ix":11},"r":{"a":0,"k":0,"ix":10},"p":{"a":0,"k":[39.962,121.995,0],"ix":2,"l":2},"a":{"a":0,"k":[0,0,0],"ix":1,"l":2},"s":{"a":0,"k":[100,100,100],"ix":6,"l":2}},"ao":0,"shapes":[{"ty":"gr","it":[{"ind":0,"ty":"sh","ix":1,"ks":{"a":0,"k":{"i":[[0.759,-5.153],[0,0],[1.001,6.794],[-0.823,1.478],[0,0]],"o":[[-1.001,6.794],[0,0],[-0.759,-5.153],[0,0],[0.823,1.478]],"v":[[6.852,-1.433],[0,11.745],[-6.852,-1.433],[-5.176,-11.745],[5.176,-11.745]],"c":true},"ix":2},"nm":"Path 1","mn":"ADBE Vector Shape - Group","hd":false},{"ty":"gf","o":{"a":0,"k":100,"ix":10},"r":1,"bm":0,"g":{"p":3,"k":{"a":0,"k":[0,0.471,0.741,0.769,0.5,0.29,0.602,0.667,1,0.11,0.463,0.565],"ix":9}},"s":{"a":0,"k":[-0.962,11.005],"ix":5},"e":{"a":0,"k":[-0.962,-12.486],"ix":6},"t":1,"nm":"Gradient Fill 1","mn":"ADBE Vector Graphic - G-Fill","hd":false},{"ty":"tr","p":{"a":0,"k":[0,0],"ix":2},"a":{"a":0,"k":[0,0],"ix":1},"s":{"a":0,"k":[100,100],"ix":3},"r":{"a":0,"k":0,"ix":6},"o":{"a":0,"k":100,"ix":7},"sk":{"a":0,"k":0,"ix":4},"sa":{"a":0,"k":0,"ix":5},"nm":"Transform"}],"nm":"Group 1","np":2,"cix":2,"bm":0,"ix":1,"mn":"ADBE Vector Group","hd":false}],"ip":0,"op":300,"st":0,"ct":1,"bm":0},{"ddd":0,"ind":6,"ty":4,"nm":"Layer 9","sr":1,"ks":{"o":{"a":0,"k":100,"ix":11},"r":{"a":0,"k":0,"ix":10},"p":{"a":0,"k":[39.962,127.875,0],"ix":2,"l":2},"a":{"a":0,"k":[0,0,0],"ix":1,"l":2},"s":{"a":0,"k":[100,100,100],"ix":6,"l":2}},"ao":0,"shapes":[{"ty":"gr","it":[{"ind":0,"ty":"sh","ix":1,"ks":{"a":0,"k":{"i":[[1.139,-7.732],[0,0],[1.502,10.196],[-1.235,2.218],[0,0]],"o":[[-1.502,10.196],[0,0],[-1.139,-7.732],[0,0],[1.235,2.218]],"v":[[10.282,-2.151],[0,17.625],[-10.282,-2.151],[-7.767,-17.625],[7.767,-17.625]],"c":true},"ix":2},"nm":"Path 1","mn":"ADBE Vector Shape - Group","hd":false},{"ty":"gf","o":{"a":0,"k":100,"ix":10},"r":1,"bm":0,"g":{"p":3,"k":{"a":0,"k":[0,0.471,0.741,0.769,0.5,0.559,0.796,0.802,1,0.647,0.851,0.835],"ix":9}},"s":{"a":0,"k":[-0.962,-17.875],"ix":5},"e":{"a":0,"k":[-0.962,17.376],"ix":6},"t":1,"nm":"Gradient Fill 1","mn":"ADBE Vector Graphic - G-Fill","hd":false},{"ty":"tr","p":{"a":0,"k":[0,0],"ix":2},"a":{"a":0,"k":[0,0],"ix":1},"s":{"a":0,"k":[100,100],"ix":3},"r":{"a":0,"k":0,"ix":6},"o":{"a":0,"k":100,"ix":7},"sk":{"a":0,"k":0,"ix":4},"sa":{"a":0,"k":0,"ix":5},"nm":"Transform"}],"nm":"Group 1","np":2,"cix":2,"bm":0,"ix":1,"mn":"ADBE Vector Group","hd":false}],"ip":0,"op":300,"st":0,"ct":1,"bm":0},{"ddd":0,"ind":7,"ty":4,"nm":"Layer 8","sr":1,"ks":{"o":{"a":0,"k":100,"ix":11},"r":{"a":0,"k":0,"ix":10},"p":{"a":0,"k":[39.962,12.176,0],"ix":2,"l":2},"a":{"a":0,"k":[0,0,0],"ix":1,"l":2},"s":{"a":0,"k":[100,100,100],"ix":6,"l":2}},"ao":0,"shapes":[{"ty":"gr","it":[{"ind":0,"ty":"sh","ix":1,"ks":{"a":0,"k":{"i":[[-5.724,-10.649],[4.138,0],[3.928,-0.499],[0,0]],"o":[[-3.928,-0.499],[-4.138,0],[5.724,-10.649],[0,0]],"v":[[12.119,8.033],[0,7.274],[-12.119,8.033],[0,-8.033]],"c":true},"ix":2},"nm":"Path 1","mn":"ADBE Vector Shape - Group","hd":false},{"ty":"gf","o":{"a":0,"k":100,"ix":10},"r":1,"bm":0,"g":{"p":3,"k":{"a":0,"k":[0,0.004,0.173,0.239,0.5,0.057,0.318,0.402,1,0.11,0.463,0.565],"ix":9}},"s":{"a":0,"k":[-0.962,7.824],"ix":5},"e":{"a":0,"k":[-0.962,-8.242],"ix":6},"t":1,"nm":"Gradient Fill 1","mn":"ADBE Vector Graphic - G-Fill","hd":false},{"ty":"tr","p":{"a":0,"k":[0,0],"ix":2},"a":{"a":0,"k":[0,0],"ix":1},"s":{"a":0,"k":[100,100],"ix":3},"r":{"a":0,"k":0,"ix":6},"o":{"a":0,"k":100,"ix":7},"sk":{"a":0,"k":0,"ix":4},"sa":{"a":0,"k":0,"ix":5},"nm":"Transform"}],"nm":"Group 1","np":2,"cix":2,"bm":0,"ix":1,"mn":"ADBE Vector Group","hd":false}],"ip":0,"op":300,"st":0,"ct":1,"bm":0},{"ddd":0,"ind":8,"ty":4,"nm":"Layer 7","sr":1,"ks":{"o":{"a":0,"k":100,"ix":11},"r":{"a":0,"k":0,"ix":10},"p":{"a":0,"k":[16.949,91.14,0],"ix":2,"l":2},"a":{"a":0,"k":[0,0,0],"ix":1,"l":2},"s":{"a":0,"k":[100,100,100],"ix":6,"l":2}},"ao":0,"shapes":[{"ty":"gr","it":[{"ind":0,"ty":"sh","ix":1,"ks":{"a":0,"k":{"i":[[-3.228,-8.786],[0,0],[-3.05,16.232],[-2.649,2.89]],"o":[[-10.986,2.712],[-4.119,-7.463],[2.494,-13.277],[0.726,17.868]],"v":[[11.259,12.557],[-2.647,30.673],[-10.494,-5.363],[2.148,-30.673]],"c":true},"ix":2},"nm":"Path 1","mn":"ADBE Vector Shape - Group","hd":false},{"ty":"gf","o":{"a":0,"k":100,"ix":10},"r":1,"bm":0,"g":{"p":3,"k":{"a":0,"k":[0,0.004,0.173,0.239,0.5,0.057,0.318,0.402,1,0.11,0.463,0.565],"ix":9}},"s":{"a":0,"k":[11.051,-0.14],"ix":5},"e":{"a":0,"k":[-11.467,-0.14],"ix":6},"t":1,"nm":"Gradient Fill 1","mn":"ADBE Vector Graphic - G-Fill","hd":false},{"ty":"tr","p":{"a":0,"k":[0,0],"ix":2},"a":{"a":0,"k":[0,0],"ix":1},"s":{"a":0,"k":[100,100],"ix":3},"r":{"a":0,"k":0,"ix":6},"o":{"a":0,"k":100,"ix":7},"sk":{"a":0,"k":0,"ix":4},"sa":{"a":0,"k":0,"ix":5},"nm":"Transform"}],"nm":"Group 1","np":2,"cix":2,"bm":0,"ix":1,"mn":"ADBE Vector Group","hd":false}],"ip":0,"op":300,"st":0,"ct":1,"bm":0}]}],"layers":[{"ddd":0,"ind":1,"ty":0,"nm":"Electron","refId":"comp_0","sr":1,"ks":{"o":{"a":0,"k":100,"ix":11},"r":{"a":1,"k":[{"i":{"x":[0.833],"y":[0.833]},"o":{"x":[0.167],"y":[0.167]},"t":46,"s":[0]},{"i":{"x":[0.833],"y":[0.833]},"o":{"x":[0.167],"y":[0.167]},"t":106,"s":[360]},{"i":{"x":[0.833],"y":[0.833]},"o":{"x":[0.167],"y":[0.167]},"t":142,"s":[0]},{"i":{"x":[0.833],"y":[0.833]},"o":{"x":[0.167],"y":[0.167]},"t":202,"s":[360]},{"i":{"x":[0.833],"y":[0.833]},"o":{"x":[0.167],"y":[0.167]},"t":240,"s":[0]},{"t":300,"s":[360]}],"ix":10},"p":{"a":1,"k":[{"i":{"x":0.833,"y":0.833},"o":{"x":0.167,"y":0.167},"t":46,"s":[653.48,810.555,0],"to":[0,0.02,0],"ti":[0,-0.02,0]},{"i":{"x":0.833,"y":0.833},"o":{"x":0.167,"y":0.167},"t":46.002,"s":[653.47,810.615,0],"to":[-22.38,126.39,0],"ti":[42.64,0,0]},{"i":{"x":0.833,"y":0.833},"o":{"x":0.167,"y":0.167},"t":55.648,"s":[550.81,1019.965,0],"to":[-42.63,0,0],"ti":[22.38,126.29,0]},{"i":{"x":0.833,"y":0.833},"o":{"x":0.167,"y":0.167},"t":65.286,"s":[448.19,810.815,0],"to":[-0.03,-0.19,0],"ti":[0.03,0.2,0]},{"i":{"x":0.833,"y":0.833},"o":{"x":0.167,"y":0.167},"t":65.31,"s":[448.09,810.235,0],"to":[-2.37,-13.38,0],"ti":[2.02,14.31,0]},{"i":{"x":0.833,"y":0.833},"o":{"x":0.167,"y":0.167},"t":66.968,"s":[441.5,768.665,0],"to":[-0.03,-0.21,0],"ti":[0.03,0.22,0]},{"i":{"x":0.833,"y":0.833},"o":{"x":0.167,"y":0.167},"t":66.993,"s":[441.41,768.025,0],"to":[-9.49,-67.83,0],"ti":[0,82.55,0]},{"i":{"x":0.833,"y":0.833},"o":{"x":0.167,"y":0.167},"t":76,"s":[426.52,539.995,0],"to":[0.01,-82.48,0],"ti":[-9.48,67.8,0]},{"i":{"x":0.833,"y":0.833},"o":{"x":0.167,"y":0.167},"t":85.003,"s":[441.4,312.085,0],"to":[0.01,-0.04,0],"ti":[-0.01,0.04,0]},{"i":{"x":0.833,"y":0.833},"o":{"x":0.167,"y":0.167},"t":85.008,"s":[441.42,311.975,0],"to":[2.03,-14.46,0],"ti":[-2.39,13.52,0]},{"i":{"x":0.833,"y":0.833},"o":{"x":0.167,"y":0.167},"t":86.682,"s":[448.05,269.985,0],"to":[0.01,-0.08,0],"ti":[-0.01,0.08,0]},{"i":{"x":0.833,"y":0.833},"o":{"x":0.167,"y":0.167},"t":86.691,"s":[448.09,269.755,0],"to":[22.37,-126.61,0],"ti":[-42.69,0.01,0]},{"i":{"x":0.833,"y":0.833},"o":{"x":0.167,"y":0.167},"t":96.352,"s":[550.81,60.035,0],"to":[42.65,0.01,0],"ti":[-22.38,-126.42,0]},{"i":{"x":0.833,"y":0.833},"o":{"x":0.167,"y":0.167},"t":106,"s":[653.47,269.425,0],"to":[0,0,0],"ti":[0,0,0]},{"i":{"x":0.833,"y":0.833},"o":{"x":0.167,"y":0.167},"t":142,"s":[653.48,810.555,0],"to":[0,0.02,0],"ti":[0,-0.02,0]},{"i":{"x":0.833,"y":0.833},"o":{"x":0.167,"y":0.167},"t":142.001,"s":[653.47,810.615,0],"to":[-22.38,126.39,0],"ti":[42.64,0,0]},{"i":{"x":0.833,"y":0.833},"o":{"x":0.167,"y":0.167},"t":151.648,"s":[550.81,1019.965,0],"to":[-42.63,0,0],"ti":[22.38,126.29,0]},{"i":{"x":0.833,"y":0.833},"o":{"x":0.167,"y":0.167},"t":161.286,"s":[448.19,810.815,0],"to":[-0.03,-0.19,0],"ti":[0.03,0.2,0]},{"i":{"x":0.833,"y":0.833},"o":{"x":0.167,"y":0.167},"t":161.31,"s":[448.09,810.235,0],"to":[-2.37,-13.38,0],"ti":[2.02,14.31,0]},{"i":{"x":0.833,"y":0.833},"o":{"x":0.167,"y":0.167},"t":162.968,"s":[441.5,768.665,0],"to":[-0.03,-0.21,0],"ti":[0.03,0.22,0]},{"i":{"x":0.833,"y":0.833},"o":{"x":0.167,"y":0.167},"t":162.993,"s":[441.41,768.025,0],"to":[-9.49,-67.83,0],"ti":[0,82.55,0]},{"i":{"x":0.833,"y":0.833},"o":{"x":0.167,"y":0.167},"t":172,"s":[426.52,539.995,0],"to":[0.01,-82.48,0],"ti":[-9.48,67.8,0]},{"i":{"x":0.833,"y":0.833},"o":{"x":0.167,"y":0.167},"t":181.003,"s":[441.4,312.085,0],"to":[0.01,-0.04,0],"ti":[-0.01,0.04,0]},{"i":{"x":0.833,"y":0.833},"o":{"x":0.167,"y":0.167},"t":181.008,"s":[441.42,311.975,0],"to":[2.03,-14.46,0],"ti":[-2.39,13.52,0]},{"i":{"x":0.833,"y":0.833},"o":{"x":0.167,"y":0.167},"t":182.682,"s":[448.05,269.985,0],"to":[0.01,-0.08,0],"ti":[-0.01,0.08,0]},{"i":{"x":0.833,"y":0.833},"o":{"x":0.167,"y":0.167},"t":182.691,"s":[448.09,269.755,0],"to":[22.37,-126.61,0],"ti":[-42.69,0.01,0]},{"i":{"x":0.833,"y":0.833},"o":{"x":0.167,"y":0.167},"t":192.352,"s":[550.81,60.035,0],"to":[42.65,0.01,0],"ti":[-22.38,-126.42,0]},{"i":{"x":0.833,"y":0.833},"o":{"x":0.167,"y":0.167},"t":202,"s":[653.47,269.425,0],"to":[0,0,0],"ti":[0,0,0]},{"i":{"x":0.833,"y":0.833},"o":{"x":0.167,"y":0.167},"t":240,"s":[653.48,810.555,0],"to":[0,0.02,0],"ti":[0,-0.02,0]},{"i":{"x":0.833,"y":0.833},"o":{"x":0.167,"y":0.167},"t":240.002,"s":[653.47,810.615,0],"to":[-22.38,126.39,0],"ti":[42.64,0,0]},{"i":{"x":0.833,"y":0.833},"o":{"x":0.167,"y":0.167},"t":249.648,"s":[550.81,1019.965,0],"to":[-42.63,0,0],"ti":[22.38,126.29,0]},{"i":{"x":0.833,"y":0.833},"o":{"x":0.167,"y":0.167},"t":259.286,"s":[448.19,810.815,0],"to":[-0.03,-0.19,0],"ti":[0.03,0.2,0]},{"i":{"x":0.833,"y":0.833},"o":{"x":0.167,"y":0.167},"t":259.31,"s":[448.09,810.235,0],"to":[-2.37,-13.38,0],"ti":[2.02,14.31,0]},{"i":{"x":0.833,"y":0.833},"o":{"x":0.167,"y":0.167},"t":260.968,"s":[441.5,768.665,0],"to":[-0.03,-0.21,0],"ti":[0.03,0.22,0]},{"i":{"x":0.833,"y":0.833},"o":{"x":0.167,"y":0.167},"t":260.993,"s":[441.41,768.025,0],"to":[-9.49,-67.83,0],"ti":[0,82.55,0]},{"i":{"x":0.833,"y":0.833},"o":{"x":0.167,"y":0.167},"t":270,"s":[426.52,539.995,0],"to":[0.01,-82.48,0],"ti":[-9.48,67.8,0]},{"i":{"x":0.833,"y":0.833},"o":{"x":0.167,"y":0.167},"t":279.003,"s":[441.4,312.085,0],"to":[0.01,-0.04,0],"ti":[-0.01,0.04,0]},{"i":{"x":0.833,"y":0.833},"o":{"x":0.167,"y":0.167},"t":279.008,"s":[441.42,311.975,0],"to":[2.03,-14.46,0],"ti":[-2.39,13.52,0]},{"i":{"x":0.833,"y":0.833},"o":{"x":0.167,"y":0.167},"t":280.682,"s":[448.05,269.985,0],"to":[0.01,-0.08,0],"ti":[-0.01,0.08,0]},{"i":{"x":0.833,"y":0.833},"o":{"x":0.167,"y":0.167},"t":280.691,"s":[448.09,269.755,0],"to":[22.37,-126.61,0],"ti":[-42.69,0.01,0]},{"i":{"x":0.833,"y":0.833},"o":{"x":0.167,"y":0.167},"t":290.352,"s":[550.81,60.035,0],"to":[42.65,0.01,0],"ti":[-22.38,-126.42,0]},{"t":300,"s":[653.47,269.425,0]}],"ix":2,"l":2},"a":{"a":0,"k":[50,50,0],"ix":1,"l":2},"s":{"a":1,"k":[{"i":{"x":[0.833,0.833,0.833],"y":[0.833,0.833,0.833]},"o":{"x":[0.167,0.167,0.167],"y":[0.167,0.167,0.167]},"t":46,"s":[0,0,100]},{"i":{"x":[0.833,0.833,0.833],"y":[0.833,0.833,0.833]},"o":{"x":[0.167,0.167,0.167],"y":[0.167,0.167,0.167]},"t":50.583,"s":[75.333,75.333,100]},{"i":{"x":[0.833,0.833,0.833],"y":[0.833,0.833,0.833]},"o":{"x":[0.167,0.167,0.167],"y":[0.167,0.167,0.167]},"t":55.463,"s":[94.333,94.333,100]},{"i":{"x":[0.833,0.833,0.833],"y":[0.833,0.833,0.833]},"o":{"x":[0.167,0.167,0.167],"y":[0.167,0.167,0.167]},"t":76,"s":[100,100,100]},{"i":{"x":[0.833,0.833,0.833],"y":[0.833,0.833,0.833]},"o":{"x":[0.167,0.167,0.167],"y":[0.167,0.167,0.167]},"t":96.135,"s":[94.333,94.333,100]},{"i":{"x":[0.833,0.833,0.833],"y":[0.833,0.833,0.833]},"o":{"x":[0.167,0.167,0.167],"y":[0.167,0.167,0.167]},"t":101.417,"s":[75.333,75.333,100]},{"i":{"x":[0.833,0.833,0.833],"y":[0.833,0.833,0.833]},"o":{"x":[0.167,0.167,0.167],"y":[0.167,0.167,0.167]},"t":106,"s":[0,0,100]},{"i":{"x":[0.833,0.833,0.833],"y":[0.833,0.833,0.833]},"o":{"x":[0.167,0.167,0.167],"y":[0.167,0.167,0.167]},"t":142,"s":[0,0,100]},{"i":{"x":[0.833,0.833,0.833],"y":[0.833,0.833,0.833]},"o":{"x":[0.167,0.167,0.167],"y":[0.167,0.167,0.167]},"t":146.583,"s":[75.333,75.333,100]},{"i":{"x":[0.833,0.833,0.833],"y":[0.833,0.833,0.833]},"o":{"x":[0.167,0.167,0.167],"y":[0.167,0.167,0.167]},"t":151.463,"s":[94.333,94.333,100]},{"i":{"x":[0.833,0.833,0.833],"y":[0.833,0.833,0.833]},"o":{"x":[0.167,0.167,0.167],"y":[0.167,0.167,0.167]},"t":172,"s":[100,100,100]},{"i":{"x":[0.833,0.833,0.833],"y":[0.833,0.833,0.833]},"o":{"x":[0.167,0.167,0.167],"y":[0.167,0.167,0.167]},"t":192.135,"s":[94.333,94.333,100]},{"i":{"x":[0.833,0.833,0.833],"y":[0.833,0.833,0.833]},"o":{"x":[0.167,0.167,0.167],"y":[0.167,0.167,0.167]},"t":197.417,"s":[75.333,75.333,100]},{"i":{"x":[0.833,0.833,0.833],"y":[0.833,0.833,0.833]},"o":{"x":[0.167,0.167,0.167],"y":[0.167,0.167,0.167]},"t":202,"s":[0,0,100]},{"i":{"x":[0.833,0.833,0.833],"y":[0.833,0.833,0.833]},"o":{"x":[0.167,0.167,0.167],"y":[0.167,0.167,0.167]},"t":240,"s":[0,0,100]},{"i":{"x":[0.833,0.833,0.833],"y":[0.833,0.833,0.833]},"o":{"x":[0.167,0.167,0.167],"y":[0.167,0.167,0.167]},"t":244.583,"s":[75.333,75.333,100]},{"i":{"x":[0.833,0.833,0.833],"y":[0.833,0.833,0.833]},"o":{"x":[0.167,0.167,0.167],"y":[0.167,0.167,0.167]},"t":249.463,"s":[94.333,94.333,100]},{"i":{"x":[0.833,0.833,0.833],"y":[0.833,0.833,0.833]},"o":{"x":[0.167,0.167,0.167],"y":[0.167,0.167,0.167]},"t":270,"s":[100,100,100]},{"i":{"x":[0.833,0.833,0.833],"y":[0.833,0.833,0.833]},"o":{"x":[0.167,0.167,0.167],"y":[0.167,0.167,0.167]},"t":290.135,"s":[94.333,94.333,100]},{"i":{"x":[0.833,0.833,0.833],"y":[0.833,0.833,0.833]},"o":{"x":[0.167,0.167,0.167],"y":[0.167,0.167,0.167]},"t":295.417,"s":[75.333,75.333,100]},{"t":300,"s":[0,0,100]}],"ix":6,"l":2}},"ao":0,"w":100,"h":100,"ip":46,"op":346,"st":46,"bm":0},{"ddd":0,"ind":2,"ty":0,"nm":"Electron","refId":"comp_0","sr":1,"ks":{"o":{"a":0,"k":100,"ix":11},"r":{"a":1,"k":[{"i":{"x":[0.833],"y":[0.833]},"o":{"x":[0.167],"y":[0.167]},"t":22,"s":[0]},{"i":{"x":[0.833],"y":[0.833]},"o":{"x":[0.167],"y":[0.167]},"t":82,"s":[360]},{"i":{"x":[0.833],"y":[0.833]},"o":{"x":[0.167],"y":[0.167]},"t":127,"s":[0]},{"i":{"x":[0.833],"y":[0.833]},"o":{"x":[0.167],"y":[0.167]},"t":187,"s":[360]},{"i":{"x":[0.833],"y":[0.833]},"o":{"x":[0.167],"y":[0.167]},"t":226,"s":[0]},{"t":286,"s":[360]}],"ix":10},"p":{"a":1,"k":[{"i":{"x":0.833,"y":0.833},"o":{"x":0.167,"y":0.167},"t":22,"s":[653.48,810.555,0],"to":[0,0.02,0],"ti":[0,-0.02,0]},{"i":{"x":0.833,"y":0.833},"o":{"x":0.167,"y":0.167},"t":22.002,"s":[653.47,810.615,0],"to":[-22.38,126.39,0],"ti":[42.64,0,0]},{"i":{"x":0.833,"y":0.833},"o":{"x":0.167,"y":0.167},"t":31.648,"s":[550.81,1019.965,0],"to":[-42.63,0,0],"ti":[22.38,126.29,0]},{"i":{"x":0.833,"y":0.833},"o":{"x":0.167,"y":0.167},"t":41.286,"s":[448.19,810.815,0],"to":[-0.03,-0.19,0],"ti":[0.03,0.2,0]},{"i":{"x":0.833,"y":0.833},"o":{"x":0.167,"y":0.167},"t":41.31,"s":[448.09,810.235,0],"to":[-2.37,-13.38,0],"ti":[2.02,14.31,0]},{"i":{"x":0.833,"y":0.833},"o":{"x":0.167,"y":0.167},"t":42.968,"s":[441.5,768.665,0],"to":[-0.03,-0.21,0],"ti":[0.03,0.22,0]},{"i":{"x":0.833,"y":0.833},"o":{"x":0.167,"y":0.167},"t":42.993,"s":[441.41,768.025,0],"to":[-9.49,-67.83,0],"ti":[0,82.55,0]},{"i":{"x":0.833,"y":0.833},"o":{"x":0.167,"y":0.167},"t":52,"s":[426.52,539.995,0],"to":[0.01,-82.48,0],"ti":[-9.48,67.8,0]},{"i":{"x":0.833,"y":0.833},"o":{"x":0.167,"y":0.167},"t":61.003,"s":[441.4,312.085,0],"to":[0.01,-0.04,0],"ti":[-0.01,0.04,0]},{"i":{"x":0.833,"y":0.833},"o":{"x":0.167,"y":0.167},"t":61.008,"s":[441.42,311.975,0],"to":[2.03,-14.46,0],"ti":[-2.39,13.52,0]},{"i":{"x":0.833,"y":0.833},"o":{"x":0.167,"y":0.167},"t":62.682,"s":[448.05,269.985,0],"to":[0.01,-0.08,0],"ti":[-0.01,0.08,0]},{"i":{"x":0.833,"y":0.833},"o":{"x":0.167,"y":0.167},"t":62.691,"s":[448.09,269.755,0],"to":[22.37,-126.61,0],"ti":[-42.69,0.01,0]},{"i":{"x":0.833,"y":0.833},"o":{"x":0.167,"y":0.167},"t":72.352,"s":[550.81,60.035,0],"to":[42.65,0.01,0],"ti":[-22.38,-126.42,0]},{"i":{"x":0.833,"y":0.833},"o":{"x":0.167,"y":0.167},"t":82,"s":[653.47,269.425,0],"to":[0,0,0],"ti":[0,0,0]},{"i":{"x":0.833,"y":0.833},"o":{"x":0.167,"y":0.167},"t":127,"s":[653.48,810.555,0],"to":[0,0.02,0],"ti":[0,-0.02,0]},{"i":{"x":0.833,"y":0.833},"o":{"x":0.167,"y":0.167},"t":127.001,"s":[653.47,810.615,0],"to":[-22.38,126.39,0],"ti":[42.64,0,0]},{"i":{"x":0.833,"y":0.833},"o":{"x":0.167,"y":0.167},"t":136.648,"s":[550.81,1019.965,0],"to":[-42.63,0,0],"ti":[22.38,126.29,0]},{"i":{"x":0.833,"y":0.833},"o":{"x":0.167,"y":0.167},"t":146.286,"s":[448.19,810.815,0],"to":[-0.03,-0.19,0],"ti":[0.03,0.2,0]},{"i":{"x":0.833,"y":0.833},"o":{"x":0.167,"y":0.167},"t":146.31,"s":[448.09,810.235,0],"to":[-2.37,-13.38,0],"ti":[2.02,14.31,0]},{"i":{"x":0.833,"y":0.833},"o":{"x":0.167,"y":0.167},"t":147.968,"s":[441.5,768.665,0],"to":[-0.03,-0.21,0],"ti":[0.03,0.22,0]},{"i":{"x":0.833,"y":0.833},"o":{"x":0.167,"y":0.167},"t":147.993,"s":[441.41,768.025,0],"to":[-9.49,-67.83,0],"ti":[0,82.55,0]},{"i":{"x":0.833,"y":0.833},"o":{"x":0.167,"y":0.167},"t":157,"s":[426.52,539.995,0],"to":[0.01,-82.48,0],"ti":[-9.48,67.8,0]},{"i":{"x":0.833,"y":0.833},"o":{"x":0.167,"y":0.167},"t":166.003,"s":[441.4,312.085,0],"to":[0.01,-0.04,0],"ti":[-0.01,0.04,0]},{"i":{"x":0.833,"y":0.833},"o":{"x":0.167,"y":0.167},"t":166.008,"s":[441.42,311.975,0],"to":[2.03,-14.46,0],"ti":[-2.39,13.52,0]},{"i":{"x":0.833,"y":0.833},"o":{"x":0.167,"y":0.167},"t":167.682,"s":[448.05,269.985,0],"to":[0.01,-0.08,0],"ti":[-0.01,0.08,0]},{"i":{"x":0.833,"y":0.833},"o":{"x":0.167,"y":0.167},"t":167.691,"s":[448.09,269.755,0],"to":[22.37,-126.61,0],"ti":[-42.69,0.01,0]},{"i":{"x":0.833,"y":0.833},"o":{"x":0.167,"y":0.167},"t":177.352,"s":[550.81,60.035,0],"to":[42.65,0.01,0],"ti":[-22.38,-126.42,0]},{"i":{"x":0.833,"y":0.833},"o":{"x":0.167,"y":0.167},"t":187,"s":[653.47,269.425,0],"to":[0,0,0],"ti":[0,0,0]},{"i":{"x":0.833,"y":0.833},"o":{"x":0.167,"y":0.167},"t":226,"s":[653.48,810.555,0],"to":[0,0.02,0],"ti":[0,-0.02,0]},{"i":{"x":0.833,"y":0.833},"o":{"x":0.167,"y":0.167},"t":226.002,"s":[653.47,810.615,0],"to":[-22.38,126.39,0],"ti":[42.64,0,0]},{"i":{"x":0.833,"y":0.833},"o":{"x":0.167,"y":0.167},"t":235.648,"s":[550.81,1019.965,0],"to":[-42.63,0,0],"ti":[22.38,126.29,0]},{"i":{"x":0.833,"y":0.833},"o":{"x":0.167,"y":0.167},"t":245.286,"s":[448.19,810.815,0],"to":[-0.03,-0.19,0],"ti":[0.03,0.2,0]},{"i":{"x":0.833,"y":0.833},"o":{"x":0.167,"y":0.167},"t":245.31,"s":[448.09,810.235,0],"to":[-2.37,-13.38,0],"ti":[2.02,14.31,0]},{"i":{"x":0.833,"y":0.833},"o":{"x":0.167,"y":0.167},"t":246.968,"s":[441.5,768.665,0],"to":[-0.03,-0.21,0],"ti":[0.03,0.22,0]},{"i":{"x":0.833,"y":0.833},"o":{"x":0.167,"y":0.167},"t":246.993,"s":[441.41,768.025,0],"to":[-9.49,-67.83,0],"ti":[0,82.55,0]},{"i":{"x":0.833,"y":0.833},"o":{"x":0.167,"y":0.167},"t":256,"s":[426.52,539.995,0],"to":[0.01,-82.48,0],"ti":[-9.48,67.8,0]},{"i":{"x":0.833,"y":0.833},"o":{"x":0.167,"y":0.167},"t":265.003,"s":[441.4,312.085,0],"to":[0.01,-0.04,0],"ti":[-0.01,0.04,0]},{"i":{"x":0.833,"y":0.833},"o":{"x":0.167,"y":0.167},"t":265.008,"s":[441.42,311.975,0],"to":[2.03,-14.46,0],"ti":[-2.39,13.52,0]},{"i":{"x":0.833,"y":0.833},"o":{"x":0.167,"y":0.167},"t":266.682,"s":[448.05,269.985,0],"to":[0.01,-0.08,0],"ti":[-0.01,0.08,0]},{"i":{"x":0.833,"y":0.833},"o":{"x":0.167,"y":0.167},"t":266.691,"s":[448.09,269.755,0],"to":[22.37,-126.61,0],"ti":[-42.69,0.01,0]},{"i":{"x":0.833,"y":0.833},"o":{"x":0.167,"y":0.167},"t":276.352,"s":[550.81,60.035,0],"to":[42.65,0.01,0],"ti":[-22.38,-126.42,0]},{"t":286,"s":[653.47,269.425,0]}],"ix":2,"l":2},"a":{"a":0,"k":[50,50,0],"ix":1,"l":2},"s":{"a":1,"k":[{"i":{"x":[0.833,0.833,0.833],"y":[0.833,0.833,0.833]},"o":{"x":[0.167,0.167,0.167],"y":[0.167,0.167,0.167]},"t":22,"s":[0,0,100]},{"i":{"x":[0.833,0.833,0.833],"y":[0.833,0.833,0.833]},"o":{"x":[0.167,0.167,0.167],"y":[0.167,0.167,0.167]},"t":26.583,"s":[75.333,75.333,100]},{"i":{"x":[0.833,0.833,0.833],"y":[0.833,0.833,0.833]},"o":{"x":[0.167,0.167,0.167],"y":[0.167,0.167,0.167]},"t":31.463,"s":[94.333,94.333,100]},{"i":{"x":[0.833,0.833,0.833],"y":[0.833,0.833,0.833]},"o":{"x":[0.167,0.167,0.167],"y":[0.167,0.167,0.167]},"t":52,"s":[100,100,100]},{"i":{"x":[0.833,0.833,0.833],"y":[0.833,0.833,0.833]},"o":{"x":[0.167,0.167,0.167],"y":[0.167,0.167,0.167]},"t":72.135,"s":[94.333,94.333,100]},{"i":{"x":[0.833,0.833,0.833],"y":[0.833,0.833,0.833]},"o":{"x":[0.167,0.167,0.167],"y":[0.167,0.167,0.167]},"t":77.417,"s":[75.333,75.333,100]},{"i":{"x":[0.833,0.833,0.833],"y":[0.833,0.833,0.833]},"o":{"x":[0.167,0.167,0.167],"y":[0.167,0.167,0.167]},"t":82,"s":[0,0,100]},{"i":{"x":[0.833,0.833,0.833],"y":[0.833,0.833,0.833]},"o":{"x":[0.167,0.167,0.167],"y":[0.167,0.167,0.167]},"t":127,"s":[0,0,100]},{"i":{"x":[0.833,0.833,0.833],"y":[0.833,0.833,0.833]},"o":{"x":[0.167,0.167,0.167],"y":[0.167,0.167,0.167]},"t":131.583,"s":[75.333,75.333,100]},{"i":{"x":[0.833,0.833,0.833],"y":[0.833,0.833,0.833]},"o":{"x":[0.167,0.167,0.167],"y":[0.167,0.167,0.167]},"t":136.463,"s":[94.333,94.333,100]},{"i":{"x":[0.833,0.833,0.833],"y":[0.833,0.833,0.833]},"o":{"x":[0.167,0.167,0.167],"y":[0.167,0.167,0.167]},"t":157,"s":[100,100,100]},{"i":{"x":[0.833,0.833,0.833],"y":[0.833,0.833,0.833]},"o":{"x":[0.167,0.167,0.167],"y":[0.167,0.167,0.167]},"t":177.135,"s":[94.333,94.333,100]},{"i":{"x":[0.833,0.833,0.833],"y":[0.833,0.833,0.833]},"o":{"x":[0.167,0.167,0.167],"y":[0.167,0.167,0.167]},"t":182.417,"s":[75.333,75.333,100]},{"i":{"x":[0.833,0.833,0.833],"y":[0.833,0.833,0.833]},"o":{"x":[0.167,0.167,0.167],"y":[0.167,0.167,0.167]},"t":187,"s":[0,0,100]},{"i":{"x":[0.833,0.833,0.833],"y":[0.833,0.833,0.833]},"o":{"x":[0.167,0.167,0.167],"y":[0.167,0.167,0.167]},"t":226,"s":[0,0,100]},{"i":{"x":[0.833,0.833,0.833],"y":[0.833,0.833,0.833]},"o":{"x":[0.167,0.167,0.167],"y":[0.167,0.167,0.167]},"t":230.583,"s":[75.333,75.333,100]},{"i":{"x":[0.833,0.833,0.833],"y":[0.833,0.833,0.833]},"o":{"x":[0.167,0.167,0.167],"y":[0.167,0.167,0.167]},"t":235.463,"s":[94.333,94.333,100]},{"i":{"x":[0.833,0.833,0.833],"y":[0.833,0.833,0.833]},"o":{"x":[0.167,0.167,0.167],"y":[0.167,0.167,0.167]},"t":256,"s":[100,100,100]},{"i":{"x":[0.833,0.833,0.833],"y":[0.833,0.833,0.833]},"o":{"x":[0.167,0.167,0.167],"y":[0.167,0.167,0.167]},"t":276.135,"s":[94.333,94.333,100]},{"i":{"x":[0.833,0.833,0.833],"y":[0.833,0.833,0.833]},"o":{"x":[0.167,0.167,0.167],"y":[0.167,0.167,0.167]},"t":281.417,"s":[75.333,75.333,100]},{"t":286,"s":[0,0,100]}],"ix":6,"l":2}},"ao":0,"w":100,"h":100,"ip":22,"op":322,"st":22,"bm":0},{"ddd":0,"ind":3,"ty":0,"nm":"Electron","refId":"comp_0","sr":1,"ks":{"o":{"a":0,"k":100,"ix":11},"r":{"a":1,"k":[{"i":{"x":[0.833],"y":[0.833]},"o":{"x":[0.167],"y":[0.167]},"t":0,"s":[0]},{"i":{"x":[0.833],"y":[0.833]},"o":{"x":[0.167],"y":[0.167]},"t":60,"s":[360]},{"i":{"x":[0.833],"y":[0.833]},"o":{"x":[0.167],"y":[0.167]},"t":113,"s":[0]},{"i":{"x":[0.833],"y":[0.833]},"o":{"x":[0.167],"y":[0.167]},"t":173,"s":[360]},{"i":{"x":[0.833],"y":[0.833]},"o":{"x":[0.167],"y":[0.167]},"t":206,"s":[0]},{"t":266,"s":[360]}],"ix":10},"p":{"a":1,"k":[{"i":{"x":0.833,"y":0.833},"o":{"x":0.167,"y":0.167},"t":0,"s":[653.48,810.555,0],"to":[0,0.02,0],"ti":[0,-0.02,0]},{"i":{"x":0.833,"y":0.833},"o":{"x":0.167,"y":0.167},"t":0.002,"s":[653.47,810.615,0],"to":[-22.38,126.39,0],"ti":[42.64,0,0]},{"i":{"x":0.833,"y":0.833},"o":{"x":0.167,"y":0.167},"t":9.648,"s":[550.81,1019.965,0],"to":[-42.63,0,0],"ti":[22.38,126.29,0]},{"i":{"x":0.833,"y":0.833},"o":{"x":0.167,"y":0.167},"t":19.286,"s":[448.19,810.815,0],"to":[-0.03,-0.19,0],"ti":[0.03,0.2,0]},{"i":{"x":0.833,"y":0.833},"o":{"x":0.167,"y":0.167},"t":19.31,"s":[448.09,810.235,0],"to":[-2.37,-13.38,0],"ti":[2.02,14.31,0]},{"i":{"x":0.833,"y":0.833},"o":{"x":0.167,"y":0.167},"t":20.968,"s":[441.5,768.665,0],"to":[-0.03,-0.21,0],"ti":[0.03,0.22,0]},{"i":{"x":0.833,"y":0.833},"o":{"x":0.167,"y":0.167},"t":20.993,"s":[441.41,768.025,0],"to":[-9.49,-67.83,0],"ti":[0,82.55,0]},{"i":{"x":0.833,"y":0.833},"o":{"x":0.167,"y":0.167},"t":30,"s":[426.52,539.995,0],"to":[0.01,-82.48,0],"ti":[-9.48,67.8,0]},{"i":{"x":0.833,"y":0.833},"o":{"x":0.167,"y":0.167},"t":39.003,"s":[441.4,312.085,0],"to":[0.01,-0.04,0],"ti":[-0.01,0.04,0]},{"i":{"x":0.833,"y":0.833},"o":{"x":0.167,"y":0.167},"t":39.008,"s":[441.42,311.975,0],"to":[2.03,-14.46,0],"ti":[-2.39,13.52,0]},{"i":{"x":0.833,"y":0.833},"o":{"x":0.167,"y":0.167},"t":40.682,"s":[448.05,269.985,0],"to":[0.01,-0.08,0],"ti":[-0.01,0.08,0]},{"i":{"x":0.833,"y":0.833},"o":{"x":0.167,"y":0.167},"t":40.691,"s":[448.09,269.755,0],"to":[22.37,-126.61,0],"ti":[-42.69,0.01,0]},{"i":{"x":0.833,"y":0.833},"o":{"x":0.167,"y":0.167},"t":50.352,"s":[550.81,60.035,0],"to":[42.65,0.01,0],"ti":[-22.38,-126.42,0]},{"i":{"x":0.833,"y":0.833},"o":{"x":0.167,"y":0.167},"t":60,"s":[653.47,269.425,0],"to":[0,0,0],"ti":[0,0,0]},{"i":{"x":0.833,"y":0.833},"o":{"x":0.167,"y":0.167},"t":113,"s":[653.48,810.555,0],"to":[0,0.02,0],"ti":[0,-0.02,0]},{"i":{"x":0.833,"y":0.833},"o":{"x":0.167,"y":0.167},"t":113.002,"s":[653.47,810.615,0],"to":[-22.38,126.39,0],"ti":[42.64,0,0]},{"i":{"x":0.833,"y":0.833},"o":{"x":0.167,"y":0.167},"t":122.648,"s":[550.81,1019.965,0],"to":[-42.63,0,0],"ti":[22.38,126.29,0]},{"i":{"x":0.833,"y":0.833},"o":{"x":0.167,"y":0.167},"t":132.286,"s":[448.19,810.815,0],"to":[-0.03,-0.19,0],"ti":[0.03,0.2,0]},{"i":{"x":0.833,"y":0.833},"o":{"x":0.167,"y":0.167},"t":132.31,"s":[448.09,810.235,0],"to":[-2.37,-13.38,0],"ti":[2.02,14.31,0]},{"i":{"x":0.833,"y":0.833},"o":{"x":0.167,"y":0.167},"t":133.968,"s":[441.5,768.665,0],"to":[-0.03,-0.21,0],"ti":[0.03,0.22,0]},{"i":{"x":0.833,"y":0.833},"o":{"x":0.167,"y":0.167},"t":133.993,"s":[441.41,768.025,0],"to":[-9.49,-67.83,0],"ti":[0,82.55,0]},{"i":{"x":0.833,"y":0.833},"o":{"x":0.167,"y":0.167},"t":143,"s":[426.52,539.995,0],"to":[0.01,-82.48,0],"ti":[-9.48,67.8,0]},{"i":{"x":0.833,"y":0.833},"o":{"x":0.167,"y":0.167},"t":152.003,"s":[441.4,312.085,0],"to":[0.01,-0.04,0],"ti":[-0.01,0.04,0]},{"i":{"x":0.833,"y":0.833},"o":{"x":0.167,"y":0.167},"t":152.008,"s":[441.42,311.975,0],"to":[2.03,-14.46,0],"ti":[-2.39,13.52,0]},{"i":{"x":0.833,"y":0.833},"o":{"x":0.167,"y":0.167},"t":153.682,"s":[448.05,269.985,0],"to":[0.01,-0.08,0],"ti":[-0.01,0.08,0]},{"i":{"x":0.833,"y":0.833},"o":{"x":0.167,"y":0.167},"t":153.691,"s":[448.09,269.755,0],"to":[22.37,-126.61,0],"ti":[-42.69,0.01,0]},{"i":{"x":0.833,"y":0.833},"o":{"x":0.167,"y":0.167},"t":163.352,"s":[550.81,60.035,0],"to":[42.65,0.01,0],"ti":[-22.38,-126.42,0]},{"i":{"x":0.833,"y":0.833},"o":{"x":0.167,"y":0.167},"t":173,"s":[653.47,269.425,0],"to":[0,0,0],"ti":[0,0,0]},{"i":{"x":0.833,"y":0.833},"o":{"x":0.167,"y":0.167},"t":206,"s":[653.48,810.555,0],"to":[0,0.02,0],"ti":[0,-0.02,0]},{"i":{"x":0.833,"y":0.833},"o":{"x":0.167,"y":0.167},"t":206.001,"s":[653.47,810.615,0],"to":[-22.38,126.39,0],"ti":[42.64,0,0]},{"i":{"x":0.833,"y":0.833},"o":{"x":0.167,"y":0.167},"t":215.648,"s":[550.81,1019.965,0],"to":[-42.63,0,0],"ti":[22.38,126.29,0]},{"i":{"x":0.833,"y":0.833},"o":{"x":0.167,"y":0.167},"t":225.286,"s":[448.19,810.815,0],"to":[-0.03,-0.19,0],"ti":[0.03,0.2,0]},{"i":{"x":0.833,"y":0.833},"o":{"x":0.167,"y":0.167},"t":225.31,"s":[448.09,810.235,0],"to":[-2.37,-13.38,0],"ti":[2.02,14.31,0]},{"i":{"x":0.833,"y":0.833},"o":{"x":0.167,"y":0.167},"t":226.968,"s":[441.5,768.665,0],"to":[-0.03,-0.21,0],"ti":[0.03,0.22,0]},{"i":{"x":0.833,"y":0.833},"o":{"x":0.167,"y":0.167},"t":226.993,"s":[441.41,768.025,0],"to":[-9.49,-67.83,0],"ti":[0,82.55,0]},{"i":{"x":0.833,"y":0.833},"o":{"x":0.167,"y":0.167},"t":236,"s":[426.52,539.995,0],"to":[0.01,-82.48,0],"ti":[-9.48,67.8,0]},{"i":{"x":0.833,"y":0.833},"o":{"x":0.167,"y":0.167},"t":245.003,"s":[441.4,312.085,0],"to":[0.01,-0.04,0],"ti":[-0.01,0.04,0]},{"i":{"x":0.833,"y":0.833},"o":{"x":0.167,"y":0.167},"t":245.008,"s":[441.42,311.975,0],"to":[2.03,-14.46,0],"ti":[-2.39,13.52,0]},{"i":{"x":0.833,"y":0.833},"o":{"x":0.167,"y":0.167},"t":246.682,"s":[448.05,269.985,0],"to":[0.01,-0.08,0],"ti":[-0.01,0.08,0]},{"i":{"x":0.833,"y":0.833},"o":{"x":0.167,"y":0.167},"t":246.691,"s":[448.09,269.755,0],"to":[22.37,-126.61,0],"ti":[-42.69,0.01,0]},{"i":{"x":0.833,"y":0.833},"o":{"x":0.167,"y":0.167},"t":256.352,"s":[550.81,60.035,0],"to":[42.65,0.01,0],"ti":[-22.38,-126.42,0]},{"t":266,"s":[653.47,269.425,0]}],"ix":2,"l":2},"a":{"a":0,"k":[50,50,0],"ix":1,"l":2},"s":{"a":1,"k":[{"i":{"x":[0.833,0.833,0.833],"y":[0.833,0.833,0.833]},"o":{"x":[0.167,0.167,0.167],"y":[0.167,0.167,0.167]},"t":0,"s":[0,0,100]},{"i":{"x":[0.833,0.833,0.833],"y":[0.833,0.833,0.833]},"o":{"x":[0.167,0.167,0.167],"y":[0.167,0.167,0.167]},"t":4.583,"s":[75.333,75.333,100]},{"i":{"x":[0.833,0.833,0.833],"y":[0.833,0.833,0.833]},"o":{"x":[0.167,0.167,0.167],"y":[0.167,0.167,0.167]},"t":9.463,"s":[94.333,94.333,100]},{"i":{"x":[0.833,0.833,0.833],"y":[0.833,0.833,0.833]},"o":{"x":[0.167,0.167,0.167],"y":[0.167,0.167,0.167]},"t":30,"s":[100,100,100]},{"i":{"x":[0.833,0.833,0.833],"y":[0.833,0.833,0.833]},"o":{"x":[0.167,0.167,0.167],"y":[0.167,0.167,0.167]},"t":50.135,"s":[94.333,94.333,100]},{"i":{"x":[0.833,0.833,0.833],"y":[0.833,0.833,0.833]},"o":{"x":[0.167,0.167,0.167],"y":[0.167,0.167,0.167]},"t":55.417,"s":[75.333,75.333,100]},{"i":{"x":[0.833,0.833,0.833],"y":[0.833,0.833,0.833]},"o":{"x":[0.167,0.167,0.167],"y":[0.167,0.167,0.167]},"t":60,"s":[0,0,100]},{"i":{"x":[0.833,0.833,0.833],"y":[0.833,0.833,0.833]},"o":{"x":[0.167,0.167,0.167],"y":[0.167,0.167,0.167]},"t":113,"s":[0,0,100]},{"i":{"x":[0.833,0.833,0.833],"y":[0.833,0.833,0.833]},"o":{"x":[0.167,0.167,0.167],"y":[0.167,0.167,0.167]},"t":117.583,"s":[75.333,75.333,100]},{"i":{"x":[0.833,0.833,0.833],"y":[0.833,0.833,0.833]},"o":{"x":[0.167,0.167,0.167],"y":[0.167,0.167,0.167]},"t":122.463,"s":[94.333,94.333,100]},{"i":{"x":[0.833,0.833,0.833],"y":[0.833,0.833,0.833]},"o":{"x":[0.167,0.167,0.167],"y":[0.167,0.167,0.167]},"t":143,"s":[100,100,100]},{"i":{"x":[0.833,0.833,0.833],"y":[0.833,0.833,0.833]},"o":{"x":[0.167,0.167,0.167],"y":[0.167,0.167,0.167]},"t":163.135,"s":[94.333,94.333,100]},{"i":{"x":[0.833,0.833,0.833],"y":[0.833,0.833,0.833]},"o":{"x":[0.167,0.167,0.167],"y":[0.167,0.167,0.167]},"t":168.417,"s":[75.333,75.333,100]},{"i":{"x":[0.833,0.833,0.833],"y":[0.833,0.833,0.833]},"o":{"x":[0.167,0.167,0.167],"y":[0.167,0.167,0.167]},"t":173,"s":[0,0,100]},{"i":{"x":[0.833,0.833,0.833],"y":[0.833,0.833,0.833]},"o":{"x":[0.167,0.167,0.167],"y":[0.167,0.167,0.167]},"t":206,"s":[0,0,100]},{"i":{"x":[0.833,0.833,0.833],"y":[0.833,0.833,0.833]},"o":{"x":[0.167,0.167,0.167],"y":[0.167,0.167,0.167]},"t":210.583,"s":[75.333,75.333,100]},{"i":{"x":[0.833,0.833,0.833],"y":[0.833,0.833,0.833]},"o":{"x":[0.167,0.167,0.167],"y":[0.167,0.167,0.167]},"t":215.463,"s":[94.333,94.333,100]},{"i":{"x":[0.833,0.833,0.833],"y":[0.833,0.833,0.833]},"o":{"x":[0.167,0.167,0.167],"y":[0.167,0.167,0.167]},"t":236,"s":[100,100,100]},{"i":{"x":[0.833,0.833,0.833],"y":[0.833,0.833,0.833]},"o":{"x":[0.167,0.167,0.167],"y":[0.167,0.167,0.167]},"t":256.135,"s":[94.333,94.333,100]},{"i":{"x":[0.833,0.833,0.833],"y":[0.833,0.833,0.833]},"o":{"x":[0.167,0.167,0.167],"y":[0.167,0.167,0.167]},"t":261.417,"s":[75.333,75.333,100]},{"t":266,"s":[0,0,100]}],"ix":6,"l":2}},"ao":0,"w":100,"h":100,"ip":0,"op":300,"st":0,"bm":0},{"ddd":0,"ind":4,"ty":0,"nm":"Coin","refId":"comp_1","sr":1,"ks":{"o":{"a":0,"k":100,"ix":11},"r":{"a":1,"k":[{"i":{"x":[0.833],"y":[0.833]},"o":{"x":[0.167],"y":[0.167]},"t":0,"s":[0]},{"t":299,"s":[1440]}],"ix":10},"p":{"a":1,"k":[{"i":{"x":0.833,"y":0.833},"o":{"x":0.167,"y":0.167},"t":2,"s":[723.02,315.783,0],"to":[0,0,0],"ti":[0,0,0]},{"i":{"x":0.833,"y":0.833},"o":{"x":0.167,"y":0.167},"t":2.001,"s":[723.03,315.783,0],"to":[120.65,-43.81,0],"ti":[-21.32,-36.93,0]},{"i":{"x":0.833,"y":0.833},"o":{"x":0.167,"y":0.167},"t":24.82,"s":[955.66,300.013,0],"to":[21.31,36.92,0],"ti":[98.18,-82.53,0]},{"i":{"x":0.833,"y":0.833},"o":{"x":0.167,"y":0.167},"t":47.621,"s":[825.84,493.463,0],"to":[-10.54,8.87,0],"ti":[11.55,-9.04,0]},{"i":{"x":0.833,"y":0.833},"o":{"x":0.167,"y":0.167},"t":51.598,"s":[792.68,520.333,0],"to":[-54.09,42.26,0],"ti":[71.71,-41.4,0]},{"i":{"x":0.833,"y":0.833},"o":{"x":0.167,"y":0.167},"t":72.966,"s":[602.14,647.633,0],"to":[-71.44,41.24,0],"ti":[63.46,-25.69,0]},{"i":{"x":0.833,"y":0.833},"o":{"x":0.167,"y":0.167},"t":94.264,"s":[397.33,748.714,0],"to":[0,0,0],"ti":[0,0,0]},{"i":{"x":0.833,"y":0.833},"o":{"x":0.167,"y":0.167},"t":94.265,"s":[397.32,748.714,0],"to":[-13.57,5.48,0],"ti":[12.93,-4.7,0]},{"i":{"x":0.833,"y":0.833},"o":{"x":0.167,"y":0.167},"t":98.235,"s":[357.54,764.003,0],"to":[-120.94,44,0],"ti":[21.36,36.99,0]},{"i":{"x":0.833,"y":0.833},"o":{"x":0.167,"y":0.167},"t":121.111,"s":[124.34,779.984,0],"to":[-21.36,-37.01,0],"ti":[-98.63,82.77,0]},{"i":{"x":0.833,"y":0.833},"o":{"x":0.167,"y":0.167},"t":144,"s":[254.87,585.933,0],"to":[0,0,0],"ti":[0,0,0]},{"i":{"x":0.833,"y":0.833},"o":{"x":0.167,"y":0.167},"t":149,"s":[723.02,315.783,0],"to":[0,0,0],"ti":[0,0,0]},{"i":{"x":0.833,"y":0.833},"o":{"x":0.167,"y":0.167},"t":149.001,"s":[723.03,315.783,0],"to":[120.65,-43.81,0],"ti":[-21.32,-36.93,0]},{"i":{"x":0.833,"y":0.833},"o":{"x":0.167,"y":0.167},"t":172.623,"s":[955.66,300.013,0],"to":[21.31,36.92,0],"ti":[98.18,-82.53,0]},{"i":{"x":0.833,"y":0.833},"o":{"x":0.167,"y":0.167},"t":196.228,"s":[825.84,493.463,0],"to":[-10.54,8.87,0],"ti":[11.55,-9.04,0]},{"i":{"x":0.833,"y":0.833},"o":{"x":0.167,"y":0.167},"t":200.345,"s":[792.68,520.333,0],"to":[-54.09,42.26,0],"ti":[71.71,-41.4,0]},{"i":{"x":0.833,"y":0.833},"o":{"x":0.167,"y":0.167},"t":222.465,"s":[602.14,647.633,0],"to":[-71.44,41.24,0],"ti":[63.46,-25.69,0]},{"i":{"x":0.833,"y":0.833},"o":{"x":0.167,"y":0.167},"t":244.512,"s":[397.33,748.714,0],"to":[0,0,0],"ti":[0,0,0]},{"i":{"x":0.833,"y":0.833},"o":{"x":0.167,"y":0.167},"t":244.513,"s":[397.32,748.714,0],"to":[-13.57,5.48,0],"ti":[12.93,-4.7,0]},{"i":{"x":0.833,"y":0.833},"o":{"x":0.167,"y":0.167},"t":248.624,"s":[357.54,764.003,0],"to":[-120.94,44,0],"ti":[21.36,36.99,0]},{"i":{"x":0.833,"y":0.833},"o":{"x":0.167,"y":0.167},"t":272.306,"s":[124.34,779.984,0],"to":[-21.36,-37.01,0],"ti":[-98.63,82.77,0]},{"t":296,"s":[254.87,585.933,0]}],"ix":2,"l":2},"a":{"a":0,"k":[50,50,0],"ix":1,"l":2},"s":{"a":1,"k":[{"i":{"x":[0.833,0.833,0.833],"y":[0.833,0.833,0.833]},"o":{"x":[0.167,0.167,0.167],"y":[0.167,0.167,0.167]},"t":0,"s":[0,0,100]},{"i":{"x":[0.833,0.833,0.833],"y":[0.833,0.833,0.833]},"o":{"x":[0.167,0.167,0.167],"y":[0.167,0.167,0.167]},"t":11,"s":[75.333,75.333,100]},{"i":{"x":[0.833,0.833,0.833],"y":[0.833,0.833,0.833]},"o":{"x":[0.167,0.167,0.167],"y":[0.167,0.167,0.167]},"t":22.711,"s":[94.333,94.333,100]},{"i":{"x":[0.833,0.833,0.833],"y":[0.833,0.833,0.833]},"o":{"x":[0.167,0.167,0.167],"y":[0.167,0.167,0.167]},"t":72,"s":[100,100,100]},{"i":{"x":[0.833,0.833,0.833],"y":[0.833,0.833,0.833]},"o":{"x":[0.167,0.167,0.167],"y":[0.167,0.167,0.167]},"t":120.322,"s":[94.333,94.333,100]},{"i":{"x":[0.833,0.833,0.833],"y":[0.833,0.833,0.833]},"o":{"x":[0.167,0.167,0.167],"y":[0.167,0.167,0.167]},"t":133,"s":[75.333,75.333,100]},{"i":{"x":[0.833,0.833,0.833],"y":[0.833,0.833,0.833]},"o":{"x":[0.167,0.167,0.167],"y":[0.167,0.167,0.167]},"t":144,"s":[0,0,100]},{"i":{"x":[0.833,0.833,0.833],"y":[0.833,0.833,0.833]},"o":{"x":[0.167,0.167,0.167],"y":[0.167,0.167,0.167]},"t":149,"s":[0,0,100]},{"i":{"x":[0.833,0.833,0.833],"y":[0.833,0.833,0.833]},"o":{"x":[0.167,0.167,0.167],"y":[0.167,0.167,0.167]},"t":159,"s":[75.333,75.333,100]},{"i":{"x":[0.833,0.833,0.833],"y":[0.833,0.833,0.833]},"o":{"x":[0.167,0.167,0.167],"y":[0.167,0.167,0.167]},"t":172.812,"s":[94.333,94.333,100]},{"i":{"x":[0.833,0.833,0.833],"y":[0.833,0.833,0.833]},"o":{"x":[0.167,0.167,0.167],"y":[0.167,0.167,0.167]},"t":222.101,"s":[100,100,100]},{"i":{"x":[0.833,0.833,0.833],"y":[0.833,0.833,0.833]},"o":{"x":[0.167,0.167,0.167],"y":[0.167,0.167,0.167]},"t":270.423,"s":[94.333,94.333,100]},{"i":{"x":[0.833,0.833,0.833],"y":[0.833,0.833,0.833]},"o":{"x":[0.167,0.167,0.167],"y":[0.167,0.167,0.167]},"t":285,"s":[75.333,75.333,100]},{"t":294.1005859375,"s":[0,0,100]}],"ix":6,"l":2}},"ao":0,"w":100,"h":100,"ip":0,"op":300,"st":0,"bm":0},{"ddd":0,"ind":5,"ty":0,"nm":"Rocket","refId":"comp_2","sr":1,"ks":{"o":{"a":0,"k":100,"ix":11},"r":{"a":1,"k":[{"i":{"x":[0.833],"y":[0.833]},"o":{"x":[0.167],"y":[0.167]},"t":19.934,"s":[-46]},{"i":{"x":[0.833],"y":[0.833]},"o":{"x":[0.167],"y":[0.167]},"t":47.342,"s":[42]},{"i":{"x":[0.833],"y":[0.833]},"o":{"x":[0.167],"y":[0.167]},"t":64.783,"s":[102]},{"i":{"x":[0.833],"y":[0.833]},"o":{"x":[0.167],"y":[0.167]},"t":149,"s":[122]},{"i":{"x":[0.833],"y":[0.833]},"o":{"x":[0.167],"y":[0.167]},"t":229,"s":[139]},{"i":{"x":[0.833],"y":[0.833]},"o":{"x":[0.167],"y":[0.167]},"t":249.167,"s":[217]},{"t":274.0830078125,"s":[285]}],"ix":10},"p":{"a":1,"k":[{"i":{"x":0.833,"y":0.833},"o":{"x":0.167,"y":0.167},"t":0,"s":[251.455,491.2,0],"to":[-96.43,-81.62,0],"ti":[-21.11,36.57,0]},{"i":{"x":0.833,"y":0.833},"o":{"x":0.167,"y":0.167},"t":47.344,"s":[124.335,300.02,0],"to":[21.16,-36.64,0],"ti":[-119.23,-42.93,0]},{"i":{"x":0.833,"y":0.833},"o":{"x":0.167,"y":0.167},"t":94.824,"s":[354.115,314.76,0],"to":[0.88,0.32,0],"ti":[-0.89,-0.32,0]},{"i":{"x":0.833,"y":0.833},"o":{"x":0.167,"y":0.167},"t":95.38,"s":[356.775,315.72,0],"to":[12.14,4.4,0],"ti":[-12.71,-5.1,0]},{"i":{"x":0.833,"y":0.833},"o":{"x":0.167,"y":0.167},"t":103.217,"s":[394.065,329.98,0],"to":[0.85,0.34,0],"ti":[-0.86,-0.35,0]},{"i":{"x":0.833,"y":0.833},"o":{"x":0.167,"y":0.167},"t":103.759,"s":[396.625,331.01,0],"to":[63.65,25.71,0],"ti":[-71.71,-41.4,0]},{"i":{"x":0.833,"y":0.833},"o":{"x":0.167,"y":0.167},"t":148.777,"s":[602.145,432.37,0],"to":[70.11,40.49,0],"ti":[-53.36,-41.39,0]},{"i":{"x":0.833,"y":0.833},"o":{"x":0.167,"y":0.167},"t":192.901,"s":[789.085,556.88,0],"to":[1.01,0.77,0],"ti":[-1,-0.78,0]},{"i":{"x":0.833,"y":0.833},"o":{"x":0.167,"y":0.167},"t":193.648,"s":[792.095,559.21,0],"to":[10.51,8.22,0],"ti":[-9.69,-8.08,0]},{"i":{"x":0.833,"y":0.833},"o":{"x":0.167,"y":0.167},"t":201.297,"s":[822.425,583.67,0],"to":[0.94,0.78,0],"ti":[-0.93,-0.78,0]},{"i":{"x":0.833,"y":0.833},"o":{"x":0.167,"y":0.167},"t":202.014,"s":[825.225,586.01,0],"to":[98.57,82.74,0],"ti":[21.35,-36.99,0]},{"i":{"x":0.833,"y":0.833},"o":{"x":0.167,"y":0.167},"t":250.209,"s":[955.665,779.98,0],"to":[-21.37,37,0],"ti":[121,44.04,0]},{"i":{"x":0.833,"y":0.833},"o":{"x":0.167,"y":0.167},"t":298.429,"s":[722.345,763.96,0],"to":[-0.91,-0.33,0],"ti":[0.91,0.34,0]},{"t":299,"s":[719.615,762.96,0]}],"ix":2,"l":2},"a":{"a":0,"k":[40,75,0],"ix":1,"l":2},"s":{"a":1,"k":[{"i":{"x":[0.833,0.833,0.833],"y":[0.833,0.833,0.833]},"o":{"x":[0.167,0.167,0.167],"y":[0.167,0.167,0.167]},"t":0,"s":[0,0,100]},{"i":{"x":[0.833,0.833,0.833],"y":[0.833,0.833,0.833]},"o":{"x":[0.167,0.167,0.167],"y":[0.167,0.167,0.167]},"t":13,"s":[75.333,75.333,100]},{"i":{"x":[0.833,0.833,0.833],"y":[0.833,0.833,0.833]},"o":{"x":[0.167,0.167,0.167],"y":[0.167,0.167,0.167]},"t":47,"s":[94.333,94.333,100]},{"i":{"x":[0.833,0.833,0.833],"y":[0.833,0.833,0.833]},"o":{"x":[0.167,0.167,0.167],"y":[0.167,0.167,0.167]},"t":149,"s":[100,100,100]},{"i":{"x":[0.833,0.833,0.833],"y":[0.833,0.833,0.833]},"o":{"x":[0.167,0.167,0.167],"y":[0.167,0.167,0.167]},"t":249,"s":[94.333,94.333,100]},{"i":{"x":[0.833,0.833,0.833],"y":[0.833,0.833,0.833]},"o":{"x":[0.167,0.167,0.167],"y":[0.167,0.167,0.167]},"t":286,"s":[75.333,75.333,100]},{"t":298,"s":[0,0,100]}],"ix":6,"l":2}},"ao":0,"w":80,"h":150,"ip":0,"op":300,"st":0,"bm":0},{"ddd":0,"ind":6,"ty":4,"nm":"Layer 6","sr":1,"ks":{"o":{"a":0,"k":100,"ix":11},"r":{"a":0,"k":0,"ix":10},"p":{"a":0,"k":[543.715,541.05,0],"ix":2,"l":2},"a":{"a":0,"k":[0,0,0],"ix":1,"l":2},"s":{"a":0,"k":[100,100,100],"ix":6,"l":2}},"ao":0,"shapes":[{"ty":"gr","it":[{"ind":0,"ty":"sh","ix":1,"ks":{"a":0,"k":{"i":[[0,0],[-21.11,36.57],[-119.23,-42.93],[-0.89,-0.32],[-12.71,-5.1],[-0.86,-0.35],[-71.71,-41.4],[-53.36,-41.39],[-1,-0.78],[-9.69,-8.08],[-0.93,-0.78],[21.35,-36.99],[121,44.04],[0.91,0.34]],"o":[[-96.43,-81.62],[21.16,-36.64],[0.88,0.32],[12.14,4.4],[0.85,0.34],[63.65,25.71],[70.11,40.49],[1.01,0.77],[10.51,8.22],[0.94,0.78],[98.57,82.74],[-21.37,37],[-0.91,-0.33],[0,0]],"v":[[-288.545,-48.8],[-415.665,-239.98],[-185.885,-225.24],[-183.225,-224.28],[-145.935,-210.02],[-143.375,-208.99],[62.145,-107.63],[249.085,16.88],[252.095,19.21],[282.425,43.67],[285.225,46.01],[415.665,239.98],[182.345,223.96],[179.615,222.96]],"c":false},"ix":2},"nm":"Path 1","mn":"ADBE Vector Shape - Group","hd":false},{"ty":"st","c":{"a":0,"k":[0.647058844566,0.850980401039,0.835294127464,1],"ix":3},"o":{"a":0,"k":100,"ix":4},"w":{"a":0,"k":5,"ix":5},"lc":1,"lj":1,"ml":10,"bm":0,"d":[{"n":"d","nm":"dash","v":{"a":0,"k":12,"ix":1}}],"nm":"Stroke 1","mn":"ADBE Vector Graphic - Stroke","hd":false},{"ty":"tr","p":{"a":0,"k":[0,0],"ix":2},"a":{"a":0,"k":[0,0],"ix":1},"s":{"a":0,"k":[100,100],"ix":3},"r":{"a":0,"k":0,"ix":6},"o":{"a":0,"k":100,"ix":7},"sk":{"a":0,"k":0,"ix":4},"sa":{"a":0,"k":0,"ix":5},"nm":"Transform"}],"nm":"Group 1","np":2,"cix":2,"bm":0,"ix":1,"mn":"ADBE Vector Group","hd":false}],"ip":0,"op":300,"st":0,"ct":1,"bm":0},{"ddd":0,"ind":7,"ty":4,"nm":"Layer 5","sr":1,"ks":{"o":{"a":0,"k":100,"ix":11},"r":{"a":0,"k":0,"ix":10},"p":{"a":0,"k":[529.19,540.055,0],"ix":2,"l":2},"a":{"a":0,"k":[0,0,0],"ix":1,"l":2},"s":{"a":0,"k":[100,100,100],"ix":6,"l":2}},"ao":0,"shapes":[{"ty":"gr","it":[{"ind":0,"ty":"sh","ix":1,"ks":{"a":0,"k":{"i":[[0,0],[0,-0.02],[42.64,0],[22.38,126.29],[0.03,0.2],[2.02,14.31],[0.03,0.22],[0,82.55],[-9.48,67.8],[-0.01,0.04],[-2.39,13.52],[-0.01,0.08],[-42.69,0.01],[-22.38,-126.42]],"o":[[0,0.02],[-22.38,126.39],[-42.63,0],[-0.03,-0.19],[-2.37,-13.38],[-0.03,-0.21],[-9.49,-67.83],[0.01,-82.48],[0.01,-0.04],[2.03,-14.46],[0.01,-0.08],[22.37,-126.61],[42.65,0.01],[0,0]],"v":[[113.48,270.555],[113.47,270.615],[10.81,479.965],[-91.81,270.815],[-91.91,270.235],[-98.5,228.665],[-98.59,228.025],[-113.48,-0.005],[-98.6,-227.915],[-98.58,-228.025],[-91.95,-270.015],[-91.91,-270.245],[10.81,-479.965],[113.47,-270.575]],"c":false},"ix":2},"nm":"Path 1","mn":"ADBE Vector Shape - Group","hd":false},{"ty":"st","c":{"a":0,"k":[0.647058844566,0.850980401039,0.835294127464,1],"ix":3},"o":{"a":0,"k":100,"ix":4},"w":{"a":0,"k":5,"ix":5},"lc":1,"lj":1,"ml":10,"bm":0,"d":[{"n":"d","nm":"dash","v":{"a":0,"k":12,"ix":1}}],"nm":"Stroke 1","mn":"ADBE Vector Graphic - Stroke","hd":false},{"ty":"tr","p":{"a":0,"k":[0,0],"ix":2},"a":{"a":0,"k":[0,0],"ix":1},"s":{"a":0,"k":[100,100],"ix":3},"r":{"a":0,"k":0,"ix":6},"o":{"a":0,"k":100,"ix":7},"sk":{"a":0,"k":0,"ix":4},"sa":{"a":0,"k":0,"ix":5},"nm":"Transform"}],"nm":"Group 1","np":2,"cix":2,"bm":0,"ix":1,"mn":"ADBE Vector Group","hd":false}],"ip":0,"op":300,"st":0,"ct":1,"bm":0},{"ddd":0,"ind":8,"ty":4,"nm":"Layer 4","sr":1,"ks":{"o":{"a":0,"k":100,"ix":11},"r":{"a":0,"k":0,"ix":10},"p":{"a":0,"k":[540,540.057,0],"ix":2,"l":2},"a":{"a":0,"k":[0,0,0],"ix":1,"l":2},"s":{"a":0,"k":[100,100,100],"ix":6,"l":2}},"ao":0,"shapes":[{"ty":"gr","it":[{"ind":0,"ty":"sh","ix":1,"ks":{"a":0,"k":{"i":[[0,0],[0,0],[-21.32,-36.93],[98.18,-82.53],[11.55,-9.04],[71.71,-41.4],[63.46,-25.69],[0,0],[12.93,-4.7],[21.36,36.99],[-98.63,82.77]],"o":[[0,0],[120.65,-43.81],[21.31,36.92],[-10.54,8.87],[-54.09,42.26],[-71.44,41.24],[0,0],[-13.57,5.48],[-120.94,44],[-21.36,-37.01],[0,0]],"v":[[183.02,-224.217],[183.03,-224.217],[415.66,-239.987],[285.84,-46.537],[252.68,-19.667],[62.14,107.633],[-142.67,208.713],[-142.68,208.713],[-182.46,224.003],[-415.66,239.983],[-285.13,45.933]],"c":false},"ix":2},"nm":"Path 1","mn":"ADBE Vector Shape - Group","hd":false},{"ty":"st","c":{"a":0,"k":[0.647058844566,0.850980401039,0.835294127464,1],"ix":3},"o":{"a":0,"k":100,"ix":4},"w":{"a":0,"k":5,"ix":5},"lc":1,"lj":1,"ml":10,"bm":0,"d":[{"n":"d","nm":"dash","v":{"a":0,"k":12,"ix":1}}],"nm":"Stroke 1","mn":"ADBE Vector Graphic - Stroke","hd":false},{"ty":"tr","p":{"a":0,"k":[0,0],"ix":2},"a":{"a":0,"k":[0,0],"ix":1},"s":{"a":0,"k":[100,100],"ix":3},"r":{"a":0,"k":0,"ix":6},"o":{"a":0,"k":100,"ix":7},"sk":{"a":0,"k":0,"ix":4},"sa":{"a":0,"k":0,"ix":5},"nm":"Transform"}],"nm":"Group 1","np":2,"cix":2,"bm":0,"ix":1,"mn":"ADBE Vector Group","hd":false}],"ip":0,"op":300,"st":0,"ct":1,"bm":0},{"ddd":0,"ind":9,"ty":4,"nm":"Layer 3","sr":1,"ks":{"o":{"a":0,"k":100,"ix":11},"r":{"a":0,"k":0,"ix":10},"p":{"a":0,"k":[542.767,563.729,0],"ix":2,"l":2},"a":{"a":0,"k":[0,0,0],"ix":1,"l":2},"s":{"a":0,"k":[100,100,100],"ix":6,"l":2}},"ao":0,"shapes":[{"ty":"gr","it":[{"ind":0,"ty":"sh","ix":1,"ks":{"a":0,"k":{"i":[[-4.427,-11.737],[0,0],[0,0],[0,0],[0,0],[10.902,2.158],[1.175,0.251],[0.998,-11.457],[54.215,38.73],[12.336,31.398],[39.093,-8.64],[0,0],[-25.493,-41.613],[-14.051,-8.197],[-13.216,28.582],[41.251,4.834],[0,0],[64.97,-85.68],[0,0],[79.863,-62.826],[0,0],[-5.233,-1.796],[-7.85,-0.739],[-8.241,6.977],[0,0],[0,0],[0,0],[0,0]],"o":[[0,0],[0,0],[0,0],[0,0],[-10.754,2.964],[-1.175,-0.222],[3.001,10.991],[3.88,78.185],[-28.493,-20.03],[-13.157,-30.918],[0,0],[58.059,-25.603],[8.936,15.743],[23.8,11.804],[18.744,-46.757],[0,0],[88.696,-14.561],[0,0],[93.552,-119.377],[0,0],[5.373,2.269],[7.502,2.72],[10.215,1.197],[0,0],[0,0],[0,0],[0,0],[6.053,10.828]],"v":[[234.43,-113.018],[95.754,-113.018],[95.754,168.983],[56.41,144.82],[56.41,26.877],[23.586,28.097],[20.104,27.299],[23.135,61.321],[-111.143,140.785],[-166.083,52.008],[-230.017,-28.232],[-234.43,-40.332],[-126.82,65.29],[-93.323,105.329],[-18.648,83.783],[-70.979,-2.821],[-67.638,-49.135],[-100.374,-107.319],[-136.909,-125.628],[-13.674,-23.849],[-11.405,-21.957],[4.509,-15.748],[27.607,-10.538],[56.3,-19.525],[56.3,-113.018],[43.513,-113.018],[22.433,-146.907],[218.672,-146.907]],"c":true},"ix":2},"nm":"Path 1","mn":"ADBE Vector Shape - Group","hd":false},{"ty":"gf","o":{"a":0,"k":100,"ix":10},"r":1,"bm":0,"g":{"p":3,"k":{"a":0,"k":[0,0.004,0.173,0.239,0.5,0.057,0.318,0.402,1,0.11,0.463,0.565],"ix":9}},"s":{"a":0,"k":[-0.767,168.271],"ix":5},"e":{"a":0,"k":[-0.767,-169.694],"ix":6},"t":1,"nm":"Gradient Fill 1","mn":"ADBE Vector Graphic - G-Fill","hd":false},{"ty":"tr","p":{"a":0,"k":[0,0],"ix":2},"a":{"a":0,"k":[0,0],"ix":1},"s":{"a":0,"k":[100,100],"ix":3},"r":{"a":0,"k":0,"ix":6},"o":{"a":0,"k":100,"ix":7},"sk":{"a":0,"k":0,"ix":4},"sa":{"a":0,"k":0,"ix":5},"nm":"Transform"}],"nm":"Group 1","np":2,"cix":2,"bm":0,"ix":1,"mn":"ADBE Vector Group","hd":false}],"ip":0,"op":300,"st":0,"ct":1,"bm":0},{"ddd":0,"ind":10,"ty":4,"nm":"Layer 2","sr":1,"ks":{"o":{"a":0,"k":100,"ix":11},"r":{"a":0,"k":0,"ix":10},"p":{"a":0,"k":[540,540,0],"ix":2,"l":2},"a":{"a":0,"k":[0,0,0],"ix":1,"l":2},"s":{"a":0,"k":[100,100,100],"ix":6,"l":2}},"ao":0,"shapes":[{"ty":"gr","it":[{"ind":0,"ty":"sh","ix":1,"ks":{"a":0,"k":{"i":[[139.74,0],[0,139.74],[-139.74,0],[-43.254,-77.431],[-4.427,-11.737],[0,-31.45]],"o":[[-139.74,0],[0,-139.74],[95,0],[6.053,10.828],[10.496,27.777],[0,139.74]],"v":[[0.401,253.077],[-252.618,0.05],[0.401,-252.969],[221.438,-123.178],[237.197,-89.289],[253.428,0.05]],"c":true},"ix":2},"nm":"Path 1","mn":"ADBE Vector Shape - Group","hd":false},{"ind":1,"ty":"sh","ix":2,"ks":{"a":0,"k":{"i":[[159.704,0],[0,-159.704],[-159.704,0],[0,159.704]],"o":[[-159.704,0],[0,159.704],[159.704,0],[0,-159.704]],"v":[[0.401,-289.12],[-288.761,0.05],[0.401,289.22],[289.571,0.05]],"c":true},"ix":2},"nm":"Path 2","mn":"ADBE Vector Shape - Group","hd":false},{"ty":"gf","o":{"a":0,"k":100,"ix":10},"r":1,"bm":0,"g":{"p":3,"k":{"a":0,"k":[0,0.004,0.173,0.239,0.5,0.057,0.318,0.402,1,0.11,0.463,0.565],"ix":9}},"s":{"a":0,"k":[0,289],"ix":5},"e":{"a":0,"k":[0,-289.34],"ix":6},"t":1,"nm":"Gradient Fill 1","mn":"ADBE Vector Graphic - G-Fill","hd":false},{"ty":"tr","p":{"a":0,"k":[0,0],"ix":2},"a":{"a":0,"k":[0,0],"ix":1},"s":{"a":0,"k":[100,100],"ix":3},"r":{"a":0,"k":0,"ix":6},"o":{"a":0,"k":100,"ix":7},"sk":{"a":0,"k":0,"ix":4},"sa":{"a":0,"k":0,"ix":5},"nm":"Transform"}],"nm":"Group 1","np":3,"cix":2,"bm":0,"ix":1,"mn":"ADBE Vector Group","hd":false}],"ip":0,"op":300,"st":0,"ct":1,"bm":0},{"ddd":0,"ind":11,"ty":4,"nm":"Layer 1","sr":1,"ks":{"o":{"a":0,"k":100,"ix":11},"r":{"a":0,"k":0,"ix":10},"p":{"a":0,"k":[540.405,540.054,0],"ix":2,"l":2},"a":{"a":0,"k":[0,0,0],"ix":1,"l":2},"s":{"a":0,"k":[100,100,100],"ix":6,"l":2}},"ao":0,"shapes":[{"ty":"gr","it":[{"ind":0,"ty":"sh","ix":1,"ks":{"a":0,"k":{"i":[[0,-31.45],[139.74,0],[0,139.74],[-139.74,0],[-43.254,-77.431],[-4.427,-11.737]],"o":[[0,139.74],[-139.74,0],[0,-139.74],[95,0],[6.053,10.828],[10.496,27.777]],"v":[[253.023,-0.004],[-0.004,253.023],[-253.023,-0.004],[-0.004,-253.023],[221.033,-123.232],[236.792,-89.342]],"c":true},"ix":2},"nm":"Path 1","mn":"ADBE Vector Shape - Group","hd":false},{"ty":"gf","o":{"a":0,"k":100,"ix":10},"r":1,"bm":0,"g":{"p":3,"k":{"a":0,"k":[0,0.471,0.741,0.769,0.5,0.559,0.796,0.802,1,0.647,0.851,0.835],"ix":9}},"s":{"a":0,"k":[-0.405,252.946],"ix":5},"e":{"a":0,"k":[-0.405,-253.1],"ix":6},"t":1,"nm":"Gradient Fill 1","mn":"ADBE Vector Graphic - G-Fill","hd":false},{"ty":"tr","p":{"a":0,"k":[0,0],"ix":2},"a":{"a":0,"k":[0,0],"ix":1},"s":{"a":0,"k":[100,100],"ix":3},"r":{"a":0,"k":0,"ix":6},"o":{"a":0,"k":100,"ix":7},"sk":{"a":0,"k":0,"ix":4},"sa":{"a":0,"k":0,"ix":5},"nm":"Transform"}],"nm":"Group 1","np":2,"cix":2,"bm":0,"ix":1,"mn":"ADBE Vector Group","hd":false}],"ip":0,"op":300,"st":0,"ct":1,"bm":0}],"markers":[]}