{
	"PS-B": {
		"Amount": 1,
		"DP": 2000,
		"Kit": 0,
		"TotalEvents": 2,
		"TotalGuests": 1,
		"TotalWorkshops": 0,
		"Atmos": 0
	},
	"PS-S": {
		"Amount": 2,
		"DP": 2500,
		"Kit": 0,
		"TotalEvents": 4,
		"TotalGuests": 2,
		"TotalWorkshops": 0,
		"Atmos": 0
	},
	"PS-G": {
		"Amount": 3,
		"DP": 3000,
		"Kit": 1,
		"TotalEvents": 30,
		"TotalGuests": 6,
		"TotalWorkshops": 0,
		"Atmos": 0
	},
	"PS-DJ": {
		"Amount": 4,
		"DP": 4490,
		"Kit": 0,
		"TotalEvents": 0,
		"TotalGuests": 0,
		"TotalWorkshops": 0,
		"Atmos": 1
	},
	"PS-C": {
		"Amount": 5,
		"DP": 5490,
		"Kit": 1,
		"TotalEvents": 30,
		"TotalGuests": 6,
		"TotalWorkshops": 0,
		"Atmos": 1
	},
	"KKPS-BI": {
		"Amount": 220,
		"DP": 1000,
		"Kit": 0,
		"TotalEvents": 0,
		"TotalGuests": 0,
		"TotalWorkshops": 1,
		"Atmos": 0
	},
	"KKPS-DR": {
		"Amount": 210,
		"DP": 1000,
		"Kit": 0,
		"TotalEvents": 0,
		"TotalGuests": 0,
		"TotalWorkshops": 1,
		"Atmos": 0
	},
	"KKPS-FA": {
		"Amount": 230,
		"DP": 1000,
		"Kit": 0,
		"TotalEvents": 0,
		"TotalGuests": 0,
		"TotalWorkshops": 1,
		"Atmos": 0
	},
	"KKPS-TB": {
		"Amount": 260,
		"DP": 1000,
		"Kit": 0,
		"TotalEvents": 0,
		"TotalGuests": 0,
		"TotalWorkshops": 1,
		"Atmos": 0
	},
	"KKPS-TD": {
		"Amount": 240,
		"DP": 1000,
		"Kit": 0,
		"TotalEvents": 0,
		"TotalGuests": 0,
		"TotalWorkshops": 1,
		"Atmos": 0
	}
}